-- MySQL dump 10.13  Distrib 5.7.39, for Linux (x86_64)
--
-- Host: localhost    Database: usermanagement
-- ------------------------------------------------------
-- Server version	5.7.39

/*!40101 SET @OLD_CHARACTER_SET_CLIENT=@@CHARACTER_SET_CLIENT */;
/*!40101 SET @OLD_CHARACTER_SET_RESULTS=@@CHARACTER_SET_RESULTS */;
/*!40101 SET @OLD_COLLATION_CONNECTION=@@COLLATION_CONNECTION */;
/*!40101 SET NAMES utf8 */;
/*!40103 SET @OLD_TIME_ZONE=@@TIME_ZONE */;
/*!40103 SET TIME_ZONE='+00:00' */;
/*!40014 SET @OLD_UNIQUE_CHECKS=@@UNIQUE_CHECKS, UNIQUE_CHECKS=0 */;
/*!40014 SET @OLD_FOREIGN_KEY_CHECKS=@@FOREIGN_KEY_CHECKS, FOREIGN_KEY_CHECKS=0 */;
/*!40101 SET @OLD_SQL_MODE=@@SQL_MODE, SQL_MODE='NO_AUTO_VALUE_ON_ZERO' */;
/*!40111 SET @OLD_SQL_NOTES=@@SQL_NOTES, SQL_NOTES=0 */;

--
-- Table structure for table `activity_log`
--

DROP TABLE IF EXISTS `activity_log`;
/*!40101 SET @saved_cs_client     = @@character_set_client */;
/*!40101 SET character_set_client = utf8 */;
CREATE TABLE `activity_log` (
  `id` bigint(20) unsigned NOT NULL AUTO_INCREMENT,
  `log_name` varchar(255) COLLATE utf8mb4_unicode_ci DEFAULT NULL,
  `description` text COLLATE utf8mb4_unicode_ci NOT NULL,
  `subject_id` bigint(20) unsigned DEFAULT NULL,
  `subject_type` varchar(255) COLLATE utf8mb4_unicode_ci DEFAULT NULL,
  `causer_id` bigint(20) unsigned DEFAULT NULL,
  `causer_type` varchar(255) COLLATE utf8mb4_unicode_ci DEFAULT NULL,
  `properties` longtext CHARACTER SET utf8mb4 COLLATE utf8mb4_bin,
  `status` enum('r','ur') COLLATE utf8mb4_unicode_ci NOT NULL DEFAULT 'ur' COMMENT 'r=read, ur=unread',
  `created_at` timestamp NULL DEFAULT NULL,
  `updated_at` timestamp NULL DEFAULT NULL,
  PRIMARY KEY (`id`),
  KEY `activity_log_log_name_index` (`log_name`),
  KEY `subject` (`subject_id`,`subject_type`),
  KEY `causer` (`causer_id`,`causer_type`)
) ENGINE=InnoDB AUTO_INCREMENT=59 DEFAULT CHARSET=utf8mb4 COLLATE=utf8mb4_unicode_ci;
/*!40101 SET character_set_client = @saved_cs_client */;

--
-- Dumping data for table `activity_log`
--

LOCK TABLES `activity_log` WRITE;
/*!40000 ALTER TABLE `activity_log` DISABLE KEYS */;
INSERT INTO `activity_log` VALUES (1,'Role','Shariful Islam have created the role',5,'App\\Models\\Menu\\Role',4,'App\\Models\\Admin','{\"attributes\":{\"id\":5,\"name\":\"Member\",\"guard\":\"admin\",\"created_at\":\"2022-07-29T22:27:55.000000Z\",\"updated_at\":\"2022-07-29T22:27:55.000000Z\"}}','r','2022-07-30 04:27:55','2022-07-30 21:34:54'),(2,'Dominion','Shariful Islam have created the dominion',31,'App\\Models\\Menu\\Dominion',4,'App\\Models\\Admin','{\"attributes\":{\"id\":31,\"name\":\"Attendance\",\"created_at\":\"2022-07-29T23:09:42.000000Z\",\"updated_at\":\"2022-07-29T23:09:42.000000Z\"}}','r','2022-07-30 05:09:42','2022-07-30 21:34:54'),(3,'Process','Shariful Islam have created the process',186,'App\\Models\\Menu\\Process',4,'App\\Models\\Admin','{\"attributes\":{\"id\":186,\"dominion_id\":31,\"guard\":\"admin\",\"name\":\"Index\",\"route_name\":\"attendance.index\",\"created_at\":\"2022-07-29T23:10:12.000000Z\",\"updated_at\":\"2022-07-29T23:10:12.000000Z\"}}','r','2022-07-30 05:10:12','2022-07-30 21:34:54'),(4,'Process','Shariful Islam have created the process',187,'App\\Models\\Menu\\Process',4,'App\\Models\\Admin','{\"attributes\":{\"id\":187,\"dominion_id\":31,\"guard\":\"admin\",\"name\":\"Create\",\"route_name\":\"attendance.create\",\"created_at\":\"2022-07-29T23:10:12.000000Z\",\"updated_at\":\"2022-07-29T23:10:12.000000Z\"}}','r','2022-07-30 05:10:12','2022-07-30 21:34:54'),(5,'Process','Shariful Islam have created the process',188,'App\\Models\\Menu\\Process',4,'App\\Models\\Admin','{\"attributes\":{\"id\":188,\"dominion_id\":31,\"guard\":\"admin\",\"name\":\"Store\",\"route_name\":\"attendance.store\",\"created_at\":\"2022-07-29T23:10:12.000000Z\",\"updated_at\":\"2022-07-29T23:10:12.000000Z\"}}','r','2022-07-30 05:10:12','2022-07-30 21:34:54'),(6,'Process','Shariful Islam have created the process',189,'App\\Models\\Menu\\Process',4,'App\\Models\\Admin','{\"attributes\":{\"id\":189,\"dominion_id\":31,\"guard\":\"admin\",\"name\":\"Show\",\"route_name\":\"attendance.show\",\"created_at\":\"2022-07-29T23:10:12.000000Z\",\"updated_at\":\"2022-07-29T23:10:12.000000Z\"}}','r','2022-07-30 05:10:12','2022-07-30 21:34:54'),(7,'Process','Shariful Islam have created the process',190,'App\\Models\\Menu\\Process',4,'App\\Models\\Admin','{\"attributes\":{\"id\":190,\"dominion_id\":31,\"guard\":\"admin\",\"name\":\"Edit\",\"route_name\":\"attendance.edit\",\"created_at\":\"2022-07-29T23:10:12.000000Z\",\"updated_at\":\"2022-07-29T23:10:12.000000Z\"}}','r','2022-07-30 05:10:12','2022-07-30 21:34:54'),(8,'Process','Shariful Islam have created the process',191,'App\\Models\\Menu\\Process',4,'App\\Models\\Admin','{\"attributes\":{\"id\":191,\"dominion_id\":31,\"guard\":\"admin\",\"name\":\"Update\",\"route_name\":\"attendance.update\",\"created_at\":\"2022-07-29T23:10:12.000000Z\",\"updated_at\":\"2022-07-29T23:10:12.000000Z\"}}','r','2022-07-30 05:10:12','2022-07-30 21:34:54'),(9,'Process','Shariful Islam have created the process',192,'App\\Models\\Menu\\Process',4,'App\\Models\\Admin','{\"attributes\":{\"id\":192,\"dominion_id\":31,\"guard\":\"admin\",\"name\":\"Destroy\",\"route_name\":\"attendance.destroy\",\"created_at\":\"2022-07-29T23:10:12.000000Z\",\"updated_at\":\"2022-07-29T23:10:12.000000Z\"}}','r','2022-07-30 05:10:12','2022-07-30 21:34:54'),(10,'Authorized Menu','Shariful Islam have created the authorized menu',34,'App\\Models\\Menu\\Authorizedmenu',4,'App\\Models\\Admin','{\"attributes\":{\"id\":34,\"parent_id\":null,\"dominion_id\":31,\"process_id\":186,\"name\":\"Attendance\",\"params\":null,\"icon\":\"<i class=\'fa fa-circle-o text-aqua\'><\\/i>\",\"route_name\":\"attendance.index\",\"guard\":\"admin\",\"position\":10,\"show_dasboard\":0,\"created_at\":\"2022-07-29T23:12:44.000000Z\",\"updated_at\":\"2022-07-29T23:12:44.000000Z\"}}','r','2022-07-30 05:12:44','2022-07-30 21:34:54'),(11,'Process','Shariful Islam have deleted the process',190,'App\\Models\\Menu\\Process',4,'App\\Models\\Admin','{\"attributes\":{\"id\":190,\"dominion_id\":31,\"guard\":\"admin\",\"name\":\"Edit\",\"route_name\":\"attendance.edit\",\"created_at\":\"2022-07-29T23:10:12.000000Z\",\"updated_at\":\"2022-07-29T23:10:12.000000Z\"}}','r','2022-07-30 05:15:20','2022-07-30 21:34:54'),(12,'Process','Shariful Islam have deleted the process',191,'App\\Models\\Menu\\Process',4,'App\\Models\\Admin','{\"attributes\":{\"id\":191,\"dominion_id\":31,\"guard\":\"admin\",\"name\":\"Update\",\"route_name\":\"attendance.update\",\"created_at\":\"2022-07-29T23:10:12.000000Z\",\"updated_at\":\"2022-07-29T23:10:12.000000Z\"}}','r','2022-07-30 05:15:25','2022-07-30 21:34:54'),(13,'Process','Shariful Islam have deleted the process',192,'App\\Models\\Menu\\Process',4,'App\\Models\\Admin','{\"attributes\":{\"id\":192,\"dominion_id\":31,\"guard\":\"admin\",\"name\":\"Destroy\",\"route_name\":\"attendance.destroy\",\"created_at\":\"2022-07-29T23:10:12.000000Z\",\"updated_at\":\"2022-07-29T23:10:12.000000Z\"}}','r','2022-07-30 05:15:34','2022-07-30 21:34:54'),(14,'Authorized Menu','Shariful Islam have deleted the authorized menu',16,'App\\Models\\Menu\\Authorizedmenu',4,'App\\Models\\Admin','{\"attributes\":{\"id\":16,\"parent_id\":14,\"dominion_id\":13,\"process_id\":75,\"name\":\"Configuration\",\"params\":null,\"icon\":\"<i class=\\\"fa fa-cog text-aqua\\\"><\\/i>\",\"route_name\":\"configuration.index\",\"guard\":\"admin\",\"position\":1,\"show_dasboard\":1,\"created_at\":\"2020-05-31T22:15:11.000000Z\",\"updated_at\":\"2020-06-13T22:11:58.000000Z\"}}','r','2022-07-30 05:58:24','2022-07-30 21:34:54'),(15,'Dominion','Shariful Islam have deleted the dominion',13,'App\\Models\\Menu\\Dominion',4,'App\\Models\\Admin','{\"attributes\":{\"id\":13,\"name\":\"Configuration\",\"created_at\":\"2020-05-31T21:35:08.000000Z\",\"updated_at\":\"2020-05-31T21:35:08.000000Z\"}}','r','2022-07-30 05:58:35','2022-07-30 21:34:54'),(16,'Attendance','Shariful Islam have created the Attendance',1,'App\\Models\\Attendance',NULL,NULL,'{\"attributes\":{\"id\":1,\"admin_id\":4,\"deviceid\":null,\"login_time\":\"2022-07-30 16:07:34\",\"logout_time\":null,\"created_at\":\"2022-07-30T10:07:34.000000Z\",\"updated_at\":\"2022-07-30T10:07:34.000000Z\"}}','r','2022-07-30 16:07:34','2022-07-30 21:34:54'),(17,'Attendance','Shariful Islam have updated the Attendance',1,'App\\Models\\Attendance',NULL,NULL,'{\"attributes\":{\"id\":1,\"admin_id\":4,\"deviceid\":null,\"login_time\":\"2022-07-30 10:07:53\",\"logout_time\":\"2022-07-30 16:07:53\",\"created_at\":\"2022-07-30T10:07:34.000000Z\",\"updated_at\":\"2022-07-30T10:07:53.000000Z\"},\"old\":{\"id\":1,\"admin_id\":4,\"deviceid\":null,\"login_time\":\"2022-07-30 16:07:34\",\"logout_time\":null,\"created_at\":\"2022-07-30T10:07:34.000000Z\",\"updated_at\":\"2022-07-30T10:07:34.000000Z\"}}','r','2022-07-30 16:07:53','2022-07-30 21:34:54'),(18,'Attendance','Shariful Islam have updated the Attendance',1,'App\\Models\\Attendance',NULL,NULL,'{\"attributes\":{\"id\":1,\"admin_id\":4,\"deviceid\":null,\"login_time\":\"2022-07-30 10:08:24\",\"logout_time\":\"2022-07-30 16:08:24\",\"created_at\":\"2022-07-30T10:07:34.000000Z\",\"updated_at\":\"2022-07-30T10:08:24.000000Z\"},\"old\":{\"id\":1,\"admin_id\":4,\"deviceid\":null,\"login_time\":\"2022-07-30 10:07:53\",\"logout_time\":\"2022-07-30 16:07:53\",\"created_at\":\"2022-07-30T10:07:34.000000Z\",\"updated_at\":\"2022-07-30T10:07:53.000000Z\"}}','r','2022-07-30 16:08:24','2022-07-30 21:34:54'),(19,'Attendance','Nahid have created the Attendance',2,'App\\Models\\Attendance',NULL,NULL,'{\"attributes\":{\"id\":2,\"admin_id\":16,\"deviceid\":null,\"login_time\":\"2022-07-30 16:47:10\",\"logout_time\":null,\"created_at\":\"2022-07-30T10:47:10.000000Z\",\"updated_at\":\"2022-07-30T10:47:10.000000Z\"}}','r','2022-07-30 16:47:10','2022-07-30 21:34:54'),(20,'Attendance','Minhaj have created the Attendance',3,'App\\Models\\Attendance',NULL,NULL,'{\"attributes\":{\"id\":3,\"admin_id\":17,\"deviceid\":null,\"login_time\":\"2022-07-30 16:48:46\",\"logout_time\":null,\"created_at\":\"2022-07-30T10:48:46.000000Z\",\"updated_at\":\"2022-07-30T10:48:46.000000Z\"}}','r','2022-07-30 16:48:46','2022-07-30 21:34:54'),(21,'Attendance','Leo2 have created the Attendance',4,'App\\Models\\Attendance',NULL,NULL,'{\"attributes\":{\"id\":4,\"admin_id\":18,\"deviceid\":null,\"login_time\":\"2022-07-30 16:53:50\",\"logout_time\":null,\"created_at\":\"2022-07-30T10:53:50.000000Z\",\"updated_at\":\"2022-07-30T10:53:50.000000Z\"}}','r','2022-07-30 16:53:50','2022-07-30 21:34:54'),(22,'Attendance','Shariful Islam have updated the Attendance',1,'App\\Models\\Attendance',NULL,NULL,'{\"attributes\":{\"id\":1,\"admin_id\":4,\"deviceid\":null,\"login_time\":\"2022-07-30 10:57:15\",\"logout_time\":\"2022-07-30 16:57:15\",\"created_at\":\"2022-07-30T10:07:34.000000Z\",\"updated_at\":\"2022-07-30T10:57:15.000000Z\"},\"old\":{\"id\":1,\"admin_id\":4,\"deviceid\":null,\"login_time\":\"2022-07-30 10:08:24\",\"logout_time\":\"2022-07-30 16:08:24\",\"created_at\":\"2022-07-30T10:07:34.000000Z\",\"updated_at\":\"2022-07-30T10:08:24.000000Z\"}}','r','2022-07-30 16:57:15','2022-07-30 21:34:54'),(23,'Attendance','test have created the Attendance',5,'App\\Models\\Attendance',NULL,NULL,'{\"attributes\":{\"id\":5,\"admin_id\":21,\"deviceid\":null,\"login_time\":\"2022-07-30 17:08:07\",\"logout_time\":null,\"created_at\":\"2022-07-30T11:08:07.000000Z\",\"updated_at\":\"2022-07-30T11:08:07.000000Z\"}}','r','2022-07-30 17:08:07','2022-07-30 21:34:54'),(24,'Attendance','test have created the Attendance',6,'App\\Models\\Attendance',NULL,NULL,'{\"attributes\":{\"id\":6,\"admin_id\":22,\"deviceid\":null,\"login_time\":\"2022-07-30 17:16:48\",\"logout_time\":null,\"created_at\":\"2022-07-30T11:16:48.000000Z\",\"updated_at\":\"2022-07-30T11:16:48.000000Z\"}}','r','2022-07-30 17:16:48','2022-07-30 21:34:54'),(25,'Attendance','test have created the Attendance',7,'App\\Models\\Attendance',NULL,NULL,'{\"attributes\":{\"id\":7,\"admin_id\":23,\"deviceid\":null,\"login_time\":\"2022-07-30 19:34:47\",\"logout_time\":null,\"created_at\":\"2022-07-30T13:34:47.000000Z\",\"updated_at\":\"2022-07-30T13:34:47.000000Z\"}}','r','2022-07-30 19:34:47','2022-07-30 21:34:54'),(26,'Attendance','Shariful Islam have updated the Attendance',1,'App\\Models\\Attendance',NULL,NULL,'{\"attributes\":{\"id\":1,\"admin_id\":4,\"deviceid\":null,\"login_time\":\"2022-07-30 14:40:24\",\"logout_time\":\"2022-07-30 20:40:24\",\"created_at\":\"2022-07-30T10:07:34.000000Z\",\"updated_at\":\"2022-07-30T14:40:24.000000Z\"},\"old\":{\"id\":1,\"admin_id\":4,\"deviceid\":null,\"login_time\":\"2022-07-30 10:57:15\",\"logout_time\":\"2022-07-30 16:57:15\",\"created_at\":\"2022-07-30T10:07:34.000000Z\",\"updated_at\":\"2022-07-30T10:57:15.000000Z\"}}','r','2022-07-30 20:40:24','2022-07-30 21:34:54'),(27,'Attendance','test have created the Attendance',8,'App\\Models\\Attendance',NULL,NULL,'{\"attributes\":{\"id\":8,\"admin_id\":25,\"deviceid\":null,\"login_time\":\"2022-07-30 20:46:07\",\"logout_time\":null,\"created_at\":\"2022-07-30T14:46:07.000000Z\",\"updated_at\":\"2022-07-30T14:46:07.000000Z\"}}','r','2022-07-30 20:46:08','2022-07-30 21:34:54'),(28,'Attendance','Shariful Islam have updated the Attendance',1,'App\\Models\\Attendance',NULL,NULL,'{\"attributes\":{\"id\":1,\"admin_id\":4,\"deviceid\":null,\"login_time\":\"2022-07-30 15:01:44\",\"logout_time\":\"2022-07-30 21:01:44\",\"created_at\":\"2022-07-30T10:07:34.000000Z\",\"updated_at\":\"2022-07-30T15:01:44.000000Z\"},\"old\":{\"id\":1,\"admin_id\":4,\"deviceid\":null,\"login_time\":\"2022-07-30 14:40:24\",\"logout_time\":\"2022-07-30 20:40:24\",\"created_at\":\"2022-07-30T10:07:34.000000Z\",\"updated_at\":\"2022-07-30T14:40:24.000000Z\"}}','r','2022-07-30 21:01:44','2022-07-30 21:34:54'),(29,'Attendance','test have created the Attendance',9,'App\\Models\\Attendance',NULL,NULL,'{\"attributes\":{\"id\":9,\"admin_id\":26,\"deviceid\":null,\"login_time\":\"2022-07-30 21:03:22\",\"logout_time\":null,\"created_at\":\"2022-07-30T15:03:22.000000Z\",\"updated_at\":\"2022-07-30T15:03:22.000000Z\"}}','r','2022-07-30 21:03:22','2022-07-30 21:34:54'),(30,'Dominion','Shariful Islam have updated the dominion',1,'App\\Models\\Menu\\Dominion',4,'App\\Models\\Admin','{\"attributes\":{\"id\":1,\"name\":\"User\",\"created_at\":\"2020-05-25T20:30:20.000000Z\",\"updated_at\":\"2020-05-25T20:30:20.000000Z\"},\"old\":{\"id\":1,\"name\":\"Admin\",\"created_at\":\"2020-05-26T02:30:20.000000Z\",\"updated_at\":\"2020-05-26T02:30:20.000000Z\"}}','r','2022-07-30 21:29:42','2022-07-30 21:34:54'),(31,'Authorized Menu','Shariful Islam have updated the authorized menu',8,'App\\Models\\Menu\\Authorizedmenu',4,'App\\Models\\Admin','{\"attributes\":{\"id\":8,\"parent_id\":null,\"dominion_id\":1,\"process_id\":2,\"name\":\"User\",\"params\":null,\"icon\":\"<i class=\'fa fa-users\'><\\/i>\",\"route_name\":\"admin.index\",\"guard\":\"admin\",\"position\":20,\"show_dasboard\":0,\"created_at\":\"2020-05-25T21:14:21.000000Z\",\"updated_at\":\"2020-06-08T10:38:11.000000Z\"},\"old\":{\"id\":8,\"parent_id\":null,\"dominion_id\":1,\"process_id\":2,\"name\":\"Admin\",\"params\":null,\"icon\":\"<i class=\'fa fa-users\'><\\/i>\",\"route_name\":\"admin.index\",\"guard\":\"admin\",\"position\":20,\"show_dasboard\":0,\"created_at\":\"2020-05-26T03:14:21.000000Z\",\"updated_at\":\"2020-06-08T16:38:11.000000Z\"}}','r','2022-07-30 21:30:07','2022-07-30 21:34:54'),(32,'Process','Shariful Islam have updated the process',2,'App\\Models\\Menu\\Process',4,'App\\Models\\Admin','{\"attributes\":{\"id\":2,\"dominion_id\":1,\"guard\":\"admin\",\"name\":\"Index\",\"route_name\":\"user.index\",\"created_at\":\"2020-05-25T20:47:52.000000Z\",\"updated_at\":\"2020-05-25T20:47:52.000000Z\"},\"old\":{\"id\":2,\"dominion_id\":1,\"guard\":\"admin\",\"name\":\"Index\",\"route_name\":\"admin.index\",\"created_at\":\"2020-05-26T02:47:52.000000Z\",\"updated_at\":\"2020-05-26T02:47:52.000000Z\"}}','r','2022-07-30 21:33:43','2022-07-30 21:34:54'),(33,'Process','Shariful Islam have updated the process',3,'App\\Models\\Menu\\Process',4,'App\\Models\\Admin','{\"attributes\":{\"id\":3,\"dominion_id\":1,\"guard\":\"admin\",\"name\":\"Create\",\"route_name\":\"user.create\",\"created_at\":\"2020-05-25T20:47:52.000000Z\",\"updated_at\":\"2020-05-25T20:47:52.000000Z\"},\"old\":{\"id\":3,\"dominion_id\":1,\"guard\":\"admin\",\"name\":\"Create\",\"route_name\":\"admin.create\",\"created_at\":\"2020-05-26T02:47:52.000000Z\",\"updated_at\":\"2020-05-26T02:47:52.000000Z\"}}','r','2022-07-30 21:33:47','2022-07-30 21:34:54'),(34,'Process','Shariful Islam have updated the process',4,'App\\Models\\Menu\\Process',4,'App\\Models\\Admin','{\"attributes\":{\"id\":4,\"dominion_id\":1,\"guard\":\"admin\",\"name\":\"Store\",\"route_name\":\"user.store\",\"created_at\":\"2020-05-25T20:47:52.000000Z\",\"updated_at\":\"2020-05-25T20:47:52.000000Z\"},\"old\":{\"id\":4,\"dominion_id\":1,\"guard\":\"admin\",\"name\":\"Store\",\"route_name\":\"admin.store\",\"created_at\":\"2020-05-26T02:47:52.000000Z\",\"updated_at\":\"2020-05-26T02:47:52.000000Z\"}}','r','2022-07-30 21:33:51','2022-07-30 21:34:54'),(35,'Process','Shariful Islam have updated the process',5,'App\\Models\\Menu\\Process',4,'App\\Models\\Admin','{\"attributes\":{\"id\":5,\"dominion_id\":1,\"guard\":\"admin\",\"name\":\"Show\",\"route_name\":\"user.show\",\"created_at\":\"2020-05-25T20:47:52.000000Z\",\"updated_at\":\"2020-05-25T20:47:52.000000Z\"},\"old\":{\"id\":5,\"dominion_id\":1,\"guard\":\"admin\",\"name\":\"Show\",\"route_name\":\"admin.show\",\"created_at\":\"2020-05-26T02:47:52.000000Z\",\"updated_at\":\"2020-05-26T02:47:52.000000Z\"}}','r','2022-07-30 21:33:56','2022-07-30 21:34:54'),(36,'Process','Shariful Islam have updated the process',6,'App\\Models\\Menu\\Process',4,'App\\Models\\Admin','{\"attributes\":{\"id\":6,\"dominion_id\":1,\"guard\":\"admin\",\"name\":\"Edit\",\"route_name\":\"user.edit\",\"created_at\":\"2020-05-25T20:47:52.000000Z\",\"updated_at\":\"2020-05-25T20:47:52.000000Z\"},\"old\":{\"id\":6,\"dominion_id\":1,\"guard\":\"admin\",\"name\":\"Edit\",\"route_name\":\"admin.edit\",\"created_at\":\"2020-05-26T02:47:52.000000Z\",\"updated_at\":\"2020-05-26T02:47:52.000000Z\"}}','r','2022-07-30 21:34:01','2022-07-30 21:34:54'),(37,'Process','Shariful Islam have updated the process',7,'App\\Models\\Menu\\Process',4,'App\\Models\\Admin','{\"attributes\":{\"id\":7,\"dominion_id\":1,\"guard\":\"admin\",\"name\":\"Update\",\"route_name\":\"user.update\",\"created_at\":\"2020-05-25T20:47:52.000000Z\",\"updated_at\":\"2020-05-25T20:47:52.000000Z\"},\"old\":{\"id\":7,\"dominion_id\":1,\"guard\":\"admin\",\"name\":\"Update\",\"route_name\":\"admin.update\",\"created_at\":\"2020-05-26T02:47:52.000000Z\",\"updated_at\":\"2020-05-26T02:47:52.000000Z\"}}','r','2022-07-30 21:34:05','2022-07-30 21:34:54'),(38,'Process','Shariful Islam have updated the process',8,'App\\Models\\Menu\\Process',4,'App\\Models\\Admin','{\"attributes\":{\"id\":8,\"dominion_id\":1,\"guard\":\"admin\",\"name\":\"Destroy\",\"route_name\":\"user.destroy\",\"created_at\":\"2020-05-25T20:47:52.000000Z\",\"updated_at\":\"2020-05-25T20:47:52.000000Z\"},\"old\":{\"id\":8,\"dominion_id\":1,\"guard\":\"admin\",\"name\":\"Destroy\",\"route_name\":\"admin.destroy\",\"created_at\":\"2020-05-26T02:47:52.000000Z\",\"updated_at\":\"2020-05-26T02:47:52.000000Z\"}}','r','2022-07-30 21:34:09','2022-07-30 21:34:54'),(39,'Process','Shariful Islam have updated the process',1,'App\\Models\\Menu\\Process',4,'App\\Models\\Admin','{\"attributes\":{\"id\":1,\"dominion_id\":1,\"guard\":\"admin\",\"name\":\"Dashboard\",\"route_name\":\"user.dashboard\",\"created_at\":\"2020-05-25T20:36:35.000000Z\",\"updated_at\":\"2020-05-25T20:36:35.000000Z\"},\"old\":{\"id\":1,\"dominion_id\":1,\"guard\":\"admin\",\"name\":\"Dashboard\",\"route_name\":\"admin.dashboard\",\"created_at\":\"2020-05-26T02:36:35.000000Z\",\"updated_at\":\"2020-05-26T02:36:35.000000Z\"}}','r','2022-07-30 21:34:14','2022-07-30 21:34:54'),(40,'Authorized Menu','Shariful Islam have updated the authorized menu',8,'App\\Models\\Menu\\Authorizedmenu',4,'App\\Models\\Admin','{\"attributes\":{\"id\":8,\"parent_id\":null,\"dominion_id\":1,\"process_id\":2,\"name\":\"User\",\"params\":null,\"icon\":\"<i class=\'fa fa-users\'><\\/i>\",\"route_name\":\"user.index\",\"guard\":\"admin\",\"position\":20,\"show_dasboard\":0,\"created_at\":\"2020-05-25T15:14:21.000000Z\",\"updated_at\":\"2020-06-08T04:38:11.000000Z\"},\"old\":{\"id\":8,\"parent_id\":null,\"dominion_id\":1,\"process_id\":2,\"name\":\"User\",\"params\":null,\"icon\":\"<i class=\'fa fa-users\'><\\/i>\",\"route_name\":\"admin.index\",\"guard\":\"admin\",\"position\":20,\"show_dasboard\":0,\"created_at\":\"2020-05-25T21:14:21.000000Z\",\"updated_at\":\"2020-06-08T10:38:11.000000Z\"}}','ur','2022-07-30 21:36:39','2022-07-30 21:36:39'),(41,'Authorized Menu','Shariful Islam have updated the authorized menu',1,'App\\Models\\Menu\\Authorizedmenu',4,'App\\Models\\Admin','{\"attributes\":{\"id\":1,\"parent_id\":null,\"dominion_id\":1,\"process_id\":1,\"name\":\"Dashboard\",\"params\":null,\"icon\":\"<i class=\'fa fa-dashboard\'><\\/i>\",\"route_name\":\"user.dashboard\",\"guard\":\"admin\",\"position\":1,\"show_dasboard\":0,\"created_at\":\"2020-05-25T20:36:35.000000Z\",\"updated_at\":\"2020-06-08T10:37:37.000000Z\"},\"old\":{\"id\":1,\"parent_id\":null,\"dominion_id\":1,\"process_id\":1,\"name\":\"Dashboard\",\"params\":null,\"icon\":\"<i class=\'fa fa-dashboard\'><\\/i>\",\"route_name\":\"admin.dashboard\",\"guard\":\"admin\",\"position\":1,\"show_dasboard\":0,\"created_at\":\"2020-05-26T02:36:35.000000Z\",\"updated_at\":\"2020-06-08T16:37:37.000000Z\"}}','ur','2022-07-30 21:38:13','2022-07-30 21:38:13'),(42,'Process','Shariful Islam have created the process',190,'App\\Models\\Menu\\Process',4,'App\\Models\\Admin','{\"attributes\":{\"id\":190,\"dominion_id\":31,\"guard\":\"admin\",\"name\":\"Monthlyloginhistories\",\"route_name\":\"attendance.monthlyloginhistories\",\"created_at\":\"2022-07-30T16:20:58.000000Z\",\"updated_at\":\"2022-07-30T16:20:58.000000Z\"}}','ur','2022-07-30 22:20:58','2022-07-30 22:20:58'),(43,'Authorized Menu','Shariful Islam have updated the authorized menu',34,'App\\Models\\Menu\\Authorizedmenu',4,'App\\Models\\Admin','{\"attributes\":{\"id\":34,\"parent_id\":null,\"dominion_id\":31,\"process_id\":190,\"name\":\"Attendance\",\"params\":null,\"icon\":\"<i class=\'fa fa-circle-o text-aqua\'><\\/i>\",\"route_name\":\"attendance.monthlyloginhistories\",\"guard\":\"admin\",\"position\":10,\"show_dasboard\":0,\"created_at\":\"2022-07-29T17:12:44.000000Z\",\"updated_at\":\"2022-07-29T17:12:44.000000Z\"},\"old\":{\"id\":34,\"parent_id\":null,\"dominion_id\":31,\"process_id\":186,\"name\":\"Attendance\",\"params\":null,\"icon\":\"<i class=\'fa fa-circle-o text-aqua\'><\\/i>\",\"route_name\":\"attendance.index\",\"guard\":\"admin\",\"position\":10,\"show_dasboard\":0,\"created_at\":\"2022-07-29T23:12:44.000000Z\",\"updated_at\":\"2022-07-29T23:12:44.000000Z\"}}','ur','2022-07-30 22:22:12','2022-07-30 22:22:12'),(44,'Attendance','Shariful Islam have updated the Attendance',1,'App\\Models\\Attendance',NULL,NULL,'{\"attributes\":{\"id\":1,\"admin_id\":4,\"deviceid\":null,\"login_time\":\"2022-07-30 16:32:14\",\"logout_time\":\"2022-07-30 22:32:14\",\"created_at\":\"2022-07-30T10:07:34.000000Z\",\"updated_at\":\"2022-07-30T16:32:14.000000Z\"},\"old\":{\"id\":1,\"admin_id\":4,\"deviceid\":null,\"login_time\":\"2022-07-30 15:01:44\",\"logout_time\":\"2022-07-30 21:01:44\",\"created_at\":\"2022-07-30T10:07:34.000000Z\",\"updated_at\":\"2022-07-30T15:01:44.000000Z\"}}','ur','2022-07-30 22:32:14','2022-07-30 22:32:14'),(45,'Attendance','Shariful Islam have updated the Attendance',1,'App\\Models\\Attendance',NULL,NULL,'{\"attributes\":{\"id\":1,\"admin_id\":4,\"deviceid\":null,\"login_time\":\"2022-07-30 16:33:32\",\"logout_time\":\"2022-07-30 22:33:32\",\"created_at\":\"2022-07-30T10:07:34.000000Z\",\"updated_at\":\"2022-07-30T16:33:32.000000Z\"},\"old\":{\"id\":1,\"admin_id\":4,\"deviceid\":null,\"login_time\":\"2022-07-30 16:32:14\",\"logout_time\":\"2022-07-30 22:32:14\",\"created_at\":\"2022-07-30T10:07:34.000000Z\",\"updated_at\":\"2022-07-30T16:32:14.000000Z\"}}','ur','2022-07-30 22:33:32','2022-07-30 22:33:32'),(46,'Attendance','Hassan Mahmod have created the Attendance',10,'App\\Models\\Attendance',NULL,NULL,'{\"attributes\":{\"id\":10,\"admin_id\":29,\"deviceid\":null,\"login_time\":\"2022-07-30 22:40:16\",\"logout_time\":null,\"created_at\":\"2022-07-30T16:40:16.000000Z\",\"updated_at\":\"2022-07-30T16:40:16.000000Z\"}}','ur','2022-07-30 22:40:16','2022-07-30 22:40:16'),(47,'Attendance','Shariful Islam have updated the Attendance',1,'App\\Models\\Attendance',NULL,NULL,'{\"attributes\":{\"id\":1,\"admin_id\":4,\"deviceid\":null,\"login_time\":\"2022-07-30 16:42:27\",\"logout_time\":\"2022-07-30 22:42:27\",\"created_at\":\"2022-07-30T10:07:34.000000Z\",\"updated_at\":\"2022-07-30T16:42:27.000000Z\"},\"old\":{\"id\":1,\"admin_id\":4,\"deviceid\":null,\"login_time\":\"2022-07-30 16:33:32\",\"logout_time\":\"2022-07-30 22:33:32\",\"created_at\":\"2022-07-30T10:07:34.000000Z\",\"updated_at\":\"2022-07-30T16:33:32.000000Z\"}}','ur','2022-07-30 22:42:27','2022-07-30 22:42:27'),(48,'Attendance','Hassan Mahmod have updated the Attendance',10,'App\\Models\\Attendance',NULL,NULL,'{\"attributes\":{\"id\":10,\"admin_id\":29,\"deviceid\":null,\"login_time\":\"2022-07-30 16:45:15\",\"logout_time\":\"2022-07-30 22:45:15\",\"created_at\":\"2022-07-30T16:40:16.000000Z\",\"updated_at\":\"2022-07-30T16:45:15.000000Z\"},\"old\":{\"id\":10,\"admin_id\":29,\"deviceid\":null,\"login_time\":\"2022-07-30 22:40:16\",\"logout_time\":null,\"created_at\":\"2022-07-30T16:40:16.000000Z\",\"updated_at\":\"2022-07-30T16:40:16.000000Z\"}}','ur','2022-07-30 22:45:15','2022-07-30 22:45:15'),(49,'Attendance','Shariful Islam have updated the Attendance',1,'App\\Models\\Attendance',NULL,NULL,'{\"attributes\":{\"id\":1,\"admin_id\":4,\"deviceid\":null,\"login_time\":\"2022-07-30 16:53:22\",\"logout_time\":\"2022-07-30 22:53:22\",\"created_at\":\"2022-07-30T10:07:34.000000Z\",\"updated_at\":\"2022-07-30T16:53:22.000000Z\"},\"old\":{\"id\":1,\"admin_id\":4,\"deviceid\":null,\"login_time\":\"2022-07-30 16:42:27\",\"logout_time\":\"2022-07-30 22:42:27\",\"created_at\":\"2022-07-30T10:07:34.000000Z\",\"updated_at\":\"2022-07-30T16:42:27.000000Z\"}}','ur','2022-07-30 22:53:22','2022-07-30 22:53:22'),(50,'Attendance','Hassan Mahmod have updated the Attendance',10,'App\\Models\\Attendance',NULL,NULL,'{\"attributes\":{\"id\":10,\"admin_id\":29,\"deviceid\":null,\"login_time\":\"2022-07-30 16:54:13\",\"logout_time\":\"2022-07-30 22:54:13\",\"created_at\":\"2022-07-30T16:40:16.000000Z\",\"updated_at\":\"2022-07-30T16:54:13.000000Z\"},\"old\":{\"id\":10,\"admin_id\":29,\"deviceid\":null,\"login_time\":\"2022-07-30 16:45:15\",\"logout_time\":\"2022-07-30 22:45:15\",\"created_at\":\"2022-07-30T16:40:16.000000Z\",\"updated_at\":\"2022-07-30T16:45:15.000000Z\"}}','r','2022-07-30 22:54:13','2022-07-30 23:01:46'),(51,'Attendance','Shariful Islam have updated the Attendance',1,'App\\Models\\Attendance',NULL,NULL,'{\"attributes\":{\"id\":1,\"admin_id\":4,\"deviceid\":null,\"login_time\":\"2022-07-30 17:06:01\",\"logout_time\":\"2022-07-30 23:06:01\",\"created_at\":\"2022-07-30T10:07:34.000000Z\",\"updated_at\":\"2022-07-30T17:06:01.000000Z\"},\"old\":{\"id\":1,\"admin_id\":4,\"deviceid\":null,\"login_time\":\"2022-07-30 16:53:22\",\"logout_time\":\"2022-07-30 22:53:22\",\"created_at\":\"2022-07-30T10:07:34.000000Z\",\"updated_at\":\"2022-07-30T16:53:22.000000Z\"}}','ur','2022-07-30 23:06:01','2022-07-30 23:06:01'),(52,'Attendance','Hassan Mahmod have updated the Attendance',10,'App\\Models\\Attendance',NULL,NULL,'{\"attributes\":{\"id\":10,\"admin_id\":29,\"deviceid\":null,\"login_time\":\"2022-07-30 17:06:45\",\"logout_time\":\"2022-07-30 23:06:45\",\"created_at\":\"2022-07-30T16:40:16.000000Z\",\"updated_at\":\"2022-07-30T17:06:45.000000Z\"},\"old\":{\"id\":10,\"admin_id\":29,\"deviceid\":null,\"login_time\":\"2022-07-30 16:54:13\",\"logout_time\":\"2022-07-30 22:54:13\",\"created_at\":\"2022-07-30T16:40:16.000000Z\",\"updated_at\":\"2022-07-30T16:54:13.000000Z\"}}','ur','2022-07-30 23:06:45','2022-07-30 23:06:45'),(53,'Attendance','Shariful Islam have updated the Attendance',1,'App\\Models\\Attendance',NULL,NULL,'{\"attributes\":{\"id\":1,\"admin_id\":4,\"deviceid\":null,\"login_time\":\"2022-07-30 17:27:51\",\"logout_time\":\"2022-07-30 23:27:51\",\"created_at\":\"2022-07-30T10:07:34.000000Z\",\"updated_at\":\"2022-07-30T17:27:51.000000Z\",\"login_date\":null},\"old\":{\"id\":1,\"admin_id\":4,\"deviceid\":null,\"login_time\":\"2022-07-30 17:06:01\",\"logout_time\":\"2022-07-30 23:06:01\",\"created_at\":\"2022-07-30T10:07:34.000000Z\",\"updated_at\":\"2022-07-30T17:06:01.000000Z\",\"login_date\":null}}','ur','2022-07-30 23:27:51','2022-07-30 23:27:51'),(54,'Attendance','Shariful Islam have created the Attendance',1,'App\\Models\\Attendance',NULL,NULL,'{\"attributes\":{\"id\":1,\"admin_id\":4,\"deviceid\":null,\"login_time\":\"2022-07-30 23:28:33\",\"logout_time\":null,\"created_at\":\"2022-07-30T17:28:33.000000Z\",\"updated_at\":\"2022-07-30T17:28:33.000000Z\",\"login_date\":\"2022-07-30\"}}','ur','2022-07-30 23:28:33','2022-07-30 23:28:33'),(55,'Attendance','Shariful Islam have updated the Attendance',1,'App\\Models\\Attendance',NULL,NULL,'{\"attributes\":{\"id\":1,\"admin_id\":4,\"deviceid\":null,\"login_time\":\"2022-07-30 17:28:55\",\"logout_time\":\"2022-07-30 23:28:55\",\"created_at\":\"2022-07-30T17:28:33.000000Z\",\"updated_at\":\"2022-07-30T17:28:55.000000Z\",\"login_date\":\"2022-07-30\"},\"old\":{\"id\":1,\"admin_id\":4,\"deviceid\":null,\"login_time\":\"2022-07-30 23:28:33\",\"logout_time\":null,\"created_at\":\"2022-07-30T17:28:33.000000Z\",\"updated_at\":\"2022-07-30T17:28:33.000000Z\",\"login_date\":\"2022-07-30\"}}','ur','2022-07-30 23:28:55','2022-07-30 23:28:55'),(56,'Attendance','Hassan Mahmod have created the Attendance',2,'App\\Models\\Attendance',NULL,NULL,'{\"attributes\":{\"id\":2,\"admin_id\":29,\"deviceid\":null,\"login_time\":\"2022-07-30 23:29:11\",\"logout_time\":null,\"created_at\":\"2022-07-30T17:29:11.000000Z\",\"updated_at\":\"2022-07-30T17:29:11.000000Z\",\"login_date\":\"2022-07-30\"}}','ur','2022-07-30 23:29:11','2022-07-30 23:29:11'),(57,'Attendance','Hassan Mahmod have updated the Attendance',2,'App\\Models\\Attendance',NULL,NULL,'{\"attributes\":{\"id\":2,\"admin_id\":29,\"deviceid\":null,\"login_time\":\"2022-07-30 17:29:55\",\"logout_time\":\"2022-07-30 23:29:55\",\"created_at\":\"2022-07-30T17:29:11.000000Z\",\"updated_at\":\"2022-07-30T17:29:55.000000Z\",\"login_date\":\"2022-07-30\"},\"old\":{\"id\":2,\"admin_id\":29,\"deviceid\":null,\"login_time\":\"2022-07-30 23:29:11\",\"logout_time\":null,\"created_at\":\"2022-07-30T17:29:11.000000Z\",\"updated_at\":\"2022-07-30T17:29:11.000000Z\",\"login_date\":\"2022-07-30\"}}','ur','2022-07-30 23:29:56','2022-07-30 23:29:56'),(58,'Attendance','Shariful Islam have updated the Attendance',1,'App\\Models\\Attendance',NULL,NULL,'{\"attributes\":{\"id\":1,\"admin_id\":4,\"deviceid\":null,\"login_time\":\"2022-07-30 17:30:33\",\"logout_time\":\"2022-07-30 23:30:33\",\"created_at\":\"2022-07-30T17:28:33.000000Z\",\"updated_at\":\"2022-07-30T17:30:33.000000Z\",\"login_date\":\"2022-07-30\"},\"old\":{\"id\":1,\"admin_id\":4,\"deviceid\":null,\"login_time\":\"2022-07-30 17:28:55\",\"logout_time\":\"2022-07-30 23:28:55\",\"created_at\":\"2022-07-30T17:28:33.000000Z\",\"updated_at\":\"2022-07-30T17:28:55.000000Z\",\"login_date\":\"2022-07-30\"}}','ur','2022-07-30 23:30:33','2022-07-30 23:30:33');
/*!40000 ALTER TABLE `activity_log` ENABLE KEYS */;
UNLOCK TABLES;

--
-- Table structure for table `admins`
--

DROP TABLE IF EXISTS `admins`;
/*!40101 SET @saved_cs_client     = @@character_set_client */;
/*!40101 SET character_set_client = utf8 */;
CREATE TABLE `admins` (
  `id` bigint(20) unsigned NOT NULL AUTO_INCREMENT,
  `name` varchar(60) COLLATE utf8mb4_unicode_ci NOT NULL,
  `username` varchar(30) COLLATE utf8mb4_unicode_ci DEFAULT NULL,
  `email` varchar(100) COLLATE utf8mb4_unicode_ci DEFAULT NULL,
  `password` varchar(255) COLLATE utf8mb4_unicode_ci NOT NULL,
  `mobile` varchar(50) COLLATE utf8mb4_unicode_ci DEFAULT NULL,
  `address` varchar(255) COLLATE utf8mb4_unicode_ci DEFAULT NULL,
  `profile` varchar(255) COLLATE utf8mb4_unicode_ci DEFAULT NULL,
  `role_id` tinyint(4) DEFAULT NULL,
  `block` tinyint(1) NOT NULL DEFAULT '0',
  `status` enum('a','d') COLLATE utf8mb4_unicode_ci NOT NULL DEFAULT 'a',
  `remember_token` varchar(100) COLLATE utf8mb4_unicode_ci DEFAULT NULL,
  `created_at` timestamp NULL DEFAULT NULL,
  `updated_at` timestamp NULL DEFAULT NULL,
  PRIMARY KEY (`id`)
) ENGINE=InnoDB AUTO_INCREMENT=30 DEFAULT CHARSET=utf8mb4 COLLATE=utf8mb4_unicode_ci;
/*!40101 SET character_set_client = @saved_cs_client */;

--
-- Dumping data for table `admins`
--

LOCK TABLES `admins` WRITE;
/*!40000 ALTER TABLE `admins` DISABLE KEYS */;
INSERT INTO `admins` VALUES (2,'Hassan','Hassan','hassan@gmail.com','$2y$10$.gIg9c9y8RXE5A3a2jUgG.1vUZl3wzx2OWPtVqAFZaj2iUz2JU9mC','01883847733','Dhaka','upload/profile/1659103968.JPG',1,0,'a',NULL,'2020-05-20 06:06:40','2022-07-29 20:12:48'),(3,'Mehedi','Mehedi','mehedi@gmail.com','$2y$10$ChwGECbUeecaazxerIND7eCx809GbERydweF2kaZ/URgdOARP4eKy','01883847733','Dhaka','',2,0,'a',NULL,'2020-05-20 06:06:40','2020-06-09 04:49:54'),(4,'Shariful Islam','JoneCoder','jonecoder@gmail.com','$2y$10$.S0bh1eb6UUQXBsjiq38.u6eg9rNIl2Fzue4kcV3/PdCuKWIAK1te','01862534183','Dhaka','',1,0,'a',NULL,'2020-05-27 04:54:12','2022-07-29 20:45:08'),(6,'Admin','Admin','admin@gmail.com','$2y$10$TJhmV1U2n.ap.A5lki6Peu4eD9CBQ.rPfFz9aTz/lYclVpCBB/2Ru','01883847733','Dhaka',NULL,2,0,'a',NULL,'2020-06-09 22:15:45','2020-06-11 20:54:00'),(7,'kamrul',NULL,'kamrul@gmail.com','$2y$10$dAR6bDI0obP6W.Qcq2YirO5Y5O.yw8wOfw9bE3SovAaaS2uAN8jJ2',NULL,NULL,NULL,NULL,0,'a',NULL,'2022-07-30 04:01:08','2022-07-30 04:01:08'),(8,'kamrul',NULL,'kamrul@gmail.com','$2y$10$b5vaRzVozGzPVSMV5TIl8eL7/DFChcPshuC5OR905NZq4SEAH5FAS',NULL,NULL,NULL,NULL,0,'a',NULL,'2022-07-30 04:04:42','2022-07-30 04:04:42'),(9,'kamrul',NULL,'kamrul@gmail.com','$2y$10$Tnslxd0pKZVhsOMyraX4g.Op0OVdFHvvsmijSnQBq0lwpZUEadG9W',NULL,NULL,NULL,NULL,0,'a',NULL,'2022-07-30 04:05:37','2022-07-30 04:05:37'),(10,'Deluar',NULL,'deluar@gmail.com','$2y$10$AMGWLnuwGvQErXvgVG0pbe8Pb1kE8LR.JRjCJXkIRNoDm/VhQnD/S',NULL,NULL,NULL,NULL,0,'a',NULL,'2022-07-30 04:06:56','2022-07-30 04:06:56'),(11,'Rupok','Rupok','rupok@gmail.com','$2y$10$fttLmndrF95kuulKSwCPqu1ByJB7o/J9a/1lg92OwqI0bfTMdmVau','11122222333','Dhaka',NULL,5,0,'a',NULL,'2022-07-30 04:31:22','2022-07-30 04:31:22'),(12,'test','test','test@gmail.com','$2y$10$Y1MmjxpEYh7y3xNuUUVK8OUlqJu9j.XNIeZYnsuKkI4RsNmEQWvTa','24324234355',NULL,NULL,5,0,'a',NULL,'2022-07-30 04:34:10','2022-07-30 04:34:10'),(13,'test2','test2','test2@gmail.com','$2y$10$qx3S/LFhCEr6aCRMxtCzNObLqUNNAztNiaA2KwZmnR5hNr7sCRP5C',NULL,NULL,NULL,5,0,'a',NULL,'2022-07-30 04:40:33','2022-07-30 04:40:33'),(14,'test3','test3','test3@gmail.com','$2y$10$zFf4UPcdhyEK5c4VE2DubO7jk2GPli6t74VKAMcy4qgJYa3HYjSD6',NULL,NULL,NULL,5,0,'a',NULL,'2022-07-30 04:43:40','2022-07-30 04:43:40'),(15,'test4','test4','test4@gmail.com','$2y$10$sjrECjEgdBRehULDuuasleCNlPta4nT4ULzN848gwocXVDnjPlRdy',NULL,NULL,'upload/profile/1659134897.jpg',5,0,'a',NULL,'2022-07-30 04:45:27','2022-07-30 04:48:17'),(16,'Nahid','Nahid','nahid@gmail.com','$2y$10$4yCc9QVbDraUzokXf0GePud13XNl621zy6N7c5d8miXAfWzKs0t9C',NULL,NULL,NULL,5,0,'a',NULL,'2022-07-30 16:47:10','2022-07-30 16:47:10'),(17,'Minhaj','Minhaj','minhaj@gamil.com','$2y$10$dMa40w22qrawonhZ6GDB5.Q3DPTuJEPpuuxOXss3peVCswFoQ3elK',NULL,NULL,NULL,5,0,'a',NULL,'2022-07-30 16:48:46','2022-07-30 16:48:46'),(18,'Leo2','Leo2','leo2@gmail.com','$2y$10$elEGV/Y6ijiSjZ6WRn0GLOjvvFvxp8ObC5IGZjEmcjQzqf4pCosYO',NULL,NULL,NULL,5,0,'a',NULL,'2022-07-30 16:53:50','2022-07-30 16:53:50'),(19,'test','test','test6@gmail.com','$2y$10$R1UEzBHyGA4Yj9L9QEZaBOVdn.ZA6EFw25ZQlc0gVcv/dgre9832O',NULL,NULL,NULL,5,0,'a',NULL,'2022-07-30 17:02:23','2022-07-30 17:02:23'),(20,'test','test','test7@gmail.com','$2y$10$HHycuQVYhwqh8SOtZXAUhObUEZcJyeOBT75hwIueMFRut6UPuYWpa',NULL,NULL,NULL,5,0,'a',NULL,'2022-07-30 17:03:59','2022-07-30 17:03:59'),(21,'test','test','test9@gmail.com','$2y$10$EILYTI5boxA4K4oj8DRbdu.7dfSI5RzU4eRDh8PjEHqIH8RSatYDC',NULL,NULL,NULL,5,0,'a','2P4LIAk6yoNDQ8Gddb5LXcrc7NNx2pJDBXCP82Vm7dhfeNRvxsvnPiGIsjtc','2022-07-30 17:08:07','2022-07-30 17:08:07'),(22,'test','test','test10@gmail.com','$2y$10$w.60.HhpYB8boptvO5ousOw.ivF8Q3G53uO8YZAjjvhZtY7fyOkDC',NULL,NULL,NULL,5,0,'a',NULL,'2022-07-30 17:16:48','2022-07-30 17:16:48'),(23,'test','test','test11@gmail.com','$2y$10$7g5a96NhAMA2WSC9lZ0fOe.P.u8vDGZ7A./Q6cPxZ8k0xxNBTjcqa',NULL,NULL,NULL,5,0,'a',NULL,'2022-07-30 19:34:47','2022-07-30 19:34:47'),(24,'test12','test12','test12@gmail.com','$2y$10$Ki7ylmpcWEJZuf5DJuYXe.DYex6hmyTG.XnAKJIeHRyaOlSEMNqlS',NULL,NULL,NULL,5,0,'a',NULL,'2022-07-30 20:44:51','2022-07-30 20:44:51'),(25,'test','test','test13@gmail.com','$2y$10$dUmRy0LhAnYCmbsRxQjcq.Gi0X3pMkiaM4J/xQPbQwCmDbAcG2.7y',NULL,NULL,NULL,5,0,'a',NULL,'2022-07-30 20:45:48','2022-07-30 20:45:48'),(26,'test','test','test23@gmail.com','$2y$10$l2tfBLJOHPaFC6Goyu4U6eaxdcS2d7S2r5hm3Wgqo1keS7JiRX212',NULL,NULL,NULL,5,0,'a',NULL,'2022-07-30 21:03:05','2022-07-30 21:03:05'),(27,'test24','test24','test24@gamil.com','$2y$10$DkDTxaCupPe5jwInuKbraOIms8iLSGIqBFWsCwsyosyWB.fF2YX5i',NULL,NULL,NULL,5,0,'a',NULL,'2022-07-30 22:38:40','2022-07-30 22:38:40'),(28,'test24','test24','test24@gmail.com','$2y$10$EEwe7iJvVbnb2ZVXuQDTO.j/a8MYK/CmADrgJtPgqqtb/cAqboVOS',NULL,NULL,NULL,5,0,'a',NULL,'2022-07-30 22:39:10','2022-07-30 22:39:10'),(29,'Hassan Mahmod','Hassan','hassanmahmod@gmail.com','$2y$10$3ashERuRMZ8o/AdROdjdMOv649MQ1mB3P9XMpS4hON/UoqDGgYziu',NULL,NULL,NULL,5,0,'a',NULL,'2022-07-30 22:40:16','2022-07-30 22:40:16');
/*!40000 ALTER TABLE `admins` ENABLE KEYS */;
UNLOCK TABLES;

--
-- Table structure for table `attendances`
--

DROP TABLE IF EXISTS `attendances`;
/*!40101 SET @saved_cs_client     = @@character_set_client */;
/*!40101 SET character_set_client = utf8 */;
CREATE TABLE `attendances` (
  `id` bigint(20) unsigned NOT NULL AUTO_INCREMENT,
  `admin_id` int(11) NOT NULL,
  `deviceid` varchar(30) COLLATE utf8mb4_unicode_ci DEFAULT NULL,
  `login_time` timestamp NOT NULL DEFAULT CURRENT_TIMESTAMP ON UPDATE CURRENT_TIMESTAMP,
  `logout_time` timestamp NULL DEFAULT NULL,
  `created_at` timestamp NULL DEFAULT NULL,
  `updated_at` timestamp NULL DEFAULT NULL,
  `login_date` date DEFAULT NULL,
  PRIMARY KEY (`id`)
) ENGINE=InnoDB AUTO_INCREMENT=3 DEFAULT CHARSET=utf8mb4 COLLATE=utf8mb4_unicode_ci;
/*!40101 SET character_set_client = @saved_cs_client */;

--
-- Dumping data for table `attendances`
--

LOCK TABLES `attendances` WRITE;
/*!40000 ALTER TABLE `attendances` DISABLE KEYS */;
INSERT INTO `attendances` VALUES (1,4,NULL,'2022-07-30 17:30:33','2022-07-30 23:30:33','2022-07-30 23:28:33','2022-07-30 23:30:33','2022-07-30'),(2,29,NULL,'2022-07-30 17:29:55','2022-07-30 23:29:55','2022-07-30 23:29:11','2022-07-30 23:29:55','2022-07-30');
/*!40000 ALTER TABLE `attendances` ENABLE KEYS */;
UNLOCK TABLES;

--
-- Table structure for table `authorizedmenus`
--

DROP TABLE IF EXISTS `authorizedmenus`;
/*!40101 SET @saved_cs_client     = @@character_set_client */;
/*!40101 SET character_set_client = utf8 */;
CREATE TABLE `authorizedmenus` (
  `id` bigint(20) unsigned NOT NULL AUTO_INCREMENT,
  `parent_id` int(11) DEFAULT NULL,
  `dominion_id` int(11) DEFAULT NULL,
  `process_id` int(11) DEFAULT NULL,
  `name` varchar(50) COLLATE utf8mb4_unicode_ci NOT NULL,
  `params` varchar(20) COLLATE utf8mb4_unicode_ci DEFAULT NULL,
  `icon` varchar(50) COLLATE utf8mb4_unicode_ci NOT NULL,
  `route_name` varchar(50) COLLATE utf8mb4_unicode_ci DEFAULT ' ',
  `guard` varchar(20) COLLATE utf8mb4_unicode_ci NOT NULL DEFAULT 'admin',
  `position` int(11) NOT NULL,
  `show_dasboard` int(11) NOT NULL DEFAULT '0',
  `created_at` timestamp NOT NULL DEFAULT CURRENT_TIMESTAMP,
  `updated_at` timestamp NOT NULL DEFAULT CURRENT_TIMESTAMP,
  PRIMARY KEY (`id`)
) ENGINE=InnoDB AUTO_INCREMENT=35 DEFAULT CHARSET=utf8mb4 COLLATE=utf8mb4_unicode_ci;
/*!40101 SET character_set_client = @saved_cs_client */;

--
-- Dumping data for table `authorizedmenus`
--

LOCK TABLES `authorizedmenus` WRITE;
/*!40000 ALTER TABLE `authorizedmenus` DISABLE KEYS */;
INSERT INTO `authorizedmenus` VALUES (1,NULL,1,1,'Dashboard',NULL,'<i class=\'fa fa-dashboard\'></i>','user.dashboard','admin',1,0,'2020-05-26 02:36:35','2020-06-08 16:37:37'),(2,NULL,NULL,NULL,'System Settings',NULL,'<i class=\'fa fa-cogs\'></i>',NULL,'admin',50,0,'2020-05-26 08:58:12','2020-06-14 06:47:40'),(3,2,2,9,'Role',NULL,'<i class=\"fa fa-circle-o text-aqua\"></i>','role.index','admin',1,0,'2020-05-26 09:14:21','2020-06-08 21:55:04'),(4,2,6,37,'Dominion',NULL,'<i class=\"fa fa-circle-o text-aqua\"></i>','dominion.index','admin',2,1,'2020-05-26 09:14:21','2020-06-14 04:12:17'),(5,2,4,23,'Process',NULL,'<i class=\"fa fa-circle-o text-aqua\"></i>','process.index','admin',3,0,'2020-05-26 09:14:21','2020-05-26 09:14:21'),(6,2,5,30,'Permission',NULL,'<i class=\"fa fa-circle-o text-aqua\"></i>','permission.index','admin',4,0,'2020-05-26 09:14:21','2020-05-26 09:14:21'),(7,2,3,16,'Authorized Menu',NULL,'<i class=\"fa fa-circle-o text-aqua\"></i>','authorizedmenu.index','admin',5,1,'2020-05-26 09:14:21','2020-06-14 06:47:28'),(8,NULL,1,2,'User',NULL,'<i class=\'fa fa-users\'></i>','user.index','admin',20,0,'2020-05-25 21:14:21','2020-06-08 10:38:11'),(33,NULL,30,175,'Activity Log',NULL,'<i class=\'fa fa-history\'></i>','activityLog.index','admin',25,1,'2020-06-11 00:22:19','2020-06-14 04:11:10'),(34,NULL,31,190,'Attendance',NULL,'<i class=\'fa fa-circle-o text-aqua\'></i>','attendance.monthlyloginhistories','admin',10,0,'2022-07-29 23:12:44','2022-07-29 23:12:44');
/*!40000 ALTER TABLE `authorizedmenus` ENABLE KEYS */;
UNLOCK TABLES;

--
-- Table structure for table `dominions`
--

DROP TABLE IF EXISTS `dominions`;
/*!40101 SET @saved_cs_client     = @@character_set_client */;
/*!40101 SET character_set_client = utf8 */;
CREATE TABLE `dominions` (
  `id` bigint(20) unsigned NOT NULL AUTO_INCREMENT,
  `name` varchar(50) COLLATE utf8mb4_unicode_ci NOT NULL,
  `created_at` timestamp NULL DEFAULT NULL,
  `updated_at` timestamp NULL DEFAULT NULL,
  PRIMARY KEY (`id`)
) ENGINE=InnoDB AUTO_INCREMENT=32 DEFAULT CHARSET=utf8mb4 COLLATE=utf8mb4_unicode_ci;
/*!40101 SET character_set_client = @saved_cs_client */;

--
-- Dumping data for table `dominions`
--

LOCK TABLES `dominions` WRITE;
/*!40000 ALTER TABLE `dominions` DISABLE KEYS */;
INSERT INTO `dominions` VALUES (1,'User','2020-05-26 02:30:20','2020-05-26 02:30:20'),(2,'Role','2020-05-26 08:40:41','2020-05-26 08:40:41'),(3,'Authorized Menu','2020-05-26 08:40:48','2020-05-26 08:40:48'),(4,'Process','2020-05-26 08:40:56','2020-05-26 08:40:56'),(5,'Permission','2020-05-26 08:41:03','2020-05-26 08:41:03'),(6,'Dominion','2020-05-26 09:03:25','2020-05-26 09:03:25'),(30,'ActivityLog','2020-06-11 00:34:13','2020-06-11 04:08:35'),(31,'Attendance','2022-07-30 05:09:42','2022-07-30 05:09:42');
/*!40000 ALTER TABLE `dominions` ENABLE KEYS */;
UNLOCK TABLES;

--
-- Table structure for table `failed_jobs`
--

DROP TABLE IF EXISTS `failed_jobs`;
/*!40101 SET @saved_cs_client     = @@character_set_client */;
/*!40101 SET character_set_client = utf8 */;
CREATE TABLE `failed_jobs` (
  `id` bigint(20) unsigned NOT NULL AUTO_INCREMENT,
  `connection` text COLLATE utf8mb4_unicode_ci NOT NULL,
  `queue` text COLLATE utf8mb4_unicode_ci NOT NULL,
  `payload` longtext COLLATE utf8mb4_unicode_ci NOT NULL,
  `exception` longtext COLLATE utf8mb4_unicode_ci NOT NULL,
  `failed_at` timestamp NOT NULL DEFAULT CURRENT_TIMESTAMP,
  PRIMARY KEY (`id`)
) ENGINE=InnoDB DEFAULT CHARSET=utf8mb4 COLLATE=utf8mb4_unicode_ci;
/*!40101 SET character_set_client = @saved_cs_client */;

--
-- Dumping data for table `failed_jobs`
--

LOCK TABLES `failed_jobs` WRITE;
/*!40000 ALTER TABLE `failed_jobs` DISABLE KEYS */;
/*!40000 ALTER TABLE `failed_jobs` ENABLE KEYS */;
UNLOCK TABLES;

--
-- Table structure for table `migrations`
--

DROP TABLE IF EXISTS `migrations`;
/*!40101 SET @saved_cs_client     = @@character_set_client */;
/*!40101 SET character_set_client = utf8 */;
CREATE TABLE `migrations` (
  `id` int(10) unsigned NOT NULL AUTO_INCREMENT,
  `migration` varchar(255) COLLATE utf8mb4_unicode_ci NOT NULL,
  `batch` int(11) NOT NULL,
  PRIMARY KEY (`id`)
) ENGINE=InnoDB AUTO_INCREMENT=13 DEFAULT CHARSET=utf8mb4 COLLATE=utf8mb4_unicode_ci;
/*!40101 SET character_set_client = @saved_cs_client */;

--
-- Dumping data for table `migrations`
--

LOCK TABLES `migrations` WRITE;
/*!40000 ALTER TABLE `migrations` DISABLE KEYS */;
INSERT INTO `migrations` VALUES (1,'2022_07_29_043234_create_activity_log_table',1),(2,'2022_07_29_100001_create_password_resets_table',1),(3,'2022_07_29_100432_create_failed_jobs_table',1),(4,'2022_07_29_191426_create_admins_table',1),(5,'2022_07_29_191789_create_personal_access_tokens_table',1),(6,'2022_07_29_198839_create_roles_table',3),(7,'2022_07_30_107639_create_dominions_table',4),(8,'2022_07_30_108539_create_processes_table',4),(9,'2022_07_30_109009_create_permissions_table',4),(10,'2022_07_30_109309_create_authorizedmenus_table',4),(11,'2019_12_14_000001_create_personal_access_tokens_table',4),(12,'2022_07_30_191426_create_attendances_table',5);
/*!40000 ALTER TABLE `migrations` ENABLE KEYS */;
UNLOCK TABLES;

--
-- Table structure for table `password_resets`
--

DROP TABLE IF EXISTS `password_resets`;
/*!40101 SET @saved_cs_client     = @@character_set_client */;
/*!40101 SET character_set_client = utf8 */;
CREATE TABLE `password_resets` (
  `email` varchar(255) COLLATE utf8mb4_unicode_ci NOT NULL,
  `token` varchar(255) COLLATE utf8mb4_unicode_ci NOT NULL,
  `created_at` timestamp NULL DEFAULT NULL,
  KEY `password_resets_email_index` (`email`)
) ENGINE=InnoDB DEFAULT CHARSET=utf8mb4 COLLATE=utf8mb4_unicode_ci;
/*!40101 SET character_set_client = @saved_cs_client */;

--
-- Dumping data for table `password_resets`
--

LOCK TABLES `password_resets` WRITE;
/*!40000 ALTER TABLE `password_resets` DISABLE KEYS */;
/*!40000 ALTER TABLE `password_resets` ENABLE KEYS */;
UNLOCK TABLES;

--
-- Table structure for table `permissions`
--

DROP TABLE IF EXISTS `permissions`;
/*!40101 SET @saved_cs_client     = @@character_set_client */;
/*!40101 SET character_set_client = utf8 */;
CREATE TABLE `permissions` (
  `id` bigint(20) unsigned NOT NULL AUTO_INCREMENT,
  `permissions` longtext COLLATE utf8mb4_unicode_ci NOT NULL,
  `role_id` int(11) NOT NULL,
  `created_at` timestamp NULL DEFAULT NULL,
  `updated_at` timestamp NULL DEFAULT NULL,
  PRIMARY KEY (`id`)
) ENGINE=InnoDB AUTO_INCREMENT=4 DEFAULT CHARSET=utf8mb4 COLLATE=utf8mb4_unicode_ci;
/*!40101 SET character_set_client = @saved_cs_client */;

--
-- Dumping data for table `permissions`
--

LOCK TABLES `permissions` WRITE;
/*!40000 ALTER TABLE `permissions` DISABLE KEYS */;
INSERT INTO `permissions` VALUES (1,'[{\"id\":186,\"dominion_id\":31,\"guard\":\"admin\",\"name\":\"Index\",\"route_name\":\"attendance.index\",\"created_at\":\"2022-07-29T23:10:12.000000Z\",\"updated_at\":\"2022-07-29T23:10:12.000000Z\"},{\"id\":187,\"dominion_id\":31,\"guard\":\"admin\",\"name\":\"Create\",\"route_name\":\"attendance.create\",\"created_at\":\"2022-07-29T23:10:12.000000Z\",\"updated_at\":\"2022-07-29T23:10:12.000000Z\"},{\"id\":188,\"dominion_id\":31,\"guard\":\"admin\",\"name\":\"Store\",\"route_name\":\"attendance.store\",\"created_at\":\"2022-07-29T23:10:12.000000Z\",\"updated_at\":\"2022-07-29T23:10:12.000000Z\"},{\"id\":189,\"dominion_id\":31,\"guard\":\"admin\",\"name\":\"Show\",\"route_name\":\"attendance.show\",\"created_at\":\"2022-07-29T23:10:12.000000Z\",\"updated_at\":\"2022-07-29T23:10:12.000000Z\"},{\"id\":190,\"dominion_id\":31,\"guard\":\"admin\",\"name\":\"Monthlyloginhistories\",\"route_name\":\"attendance.monthlyloginhistories\",\"created_at\":\"2022-07-30T16:20:58.000000Z\",\"updated_at\":\"2022-07-30T16:20:58.000000Z\"},{\"id\":175,\"dominion_id\":30,\"guard\":\"admin\",\"name\":\"Index\",\"route_name\":\"activityLog.index\",\"created_at\":\"2020-06-10T18:35:14.000000Z\",\"updated_at\":\"2020-06-10T18:35:14.000000Z\"},{\"id\":176,\"dominion_id\":30,\"guard\":\"admin\",\"name\":\"Show\",\"route_name\":\"activityLog.show\",\"created_at\":\"2020-06-10T18:35:14.000000Z\",\"updated_at\":\"2020-06-10T18:35:14.000000Z\"},{\"id\":177,\"dominion_id\":30,\"guard\":\"admin\",\"name\":\"Destroy\",\"route_name\":\"activityLog.destroy\",\"created_at\":\"2020-06-10T18:35:14.000000Z\",\"updated_at\":\"2020-06-10T18:35:14.000000Z\"},{\"id\":185,\"dominion_id\":30,\"guard\":\"admin\",\"name\":\"AllRead\",\"route_name\":\"activityLog.allRead\",\"created_at\":\"2020-06-12T16:25:00.000000Z\",\"updated_at\":\"2020-06-12T16:25:00.000000Z\"},{\"id\":37,\"dominion_id\":6,\"guard\":\"admin\",\"name\":\"Index\",\"route_name\":\"dominion.index\",\"created_at\":\"2020-05-26T03:03:46.000000Z\",\"updated_at\":\"2020-05-26T03:03:46.000000Z\"},{\"id\":38,\"dominion_id\":6,\"guard\":\"admin\",\"name\":\"Create\",\"route_name\":\"dominion.create\",\"created_at\":\"2020-05-26T03:03:46.000000Z\",\"updated_at\":\"2020-05-26T03:03:46.000000Z\"},{\"id\":39,\"dominion_id\":6,\"guard\":\"admin\",\"name\":\"Store\",\"route_name\":\"dominion.store\",\"created_at\":\"2020-05-26T03:03:46.000000Z\",\"updated_at\":\"2020-05-26T03:03:46.000000Z\"},{\"id\":40,\"dominion_id\":6,\"guard\":\"admin\",\"name\":\"Show\",\"route_name\":\"dominion.show\",\"created_at\":\"2020-05-26T03:03:46.000000Z\",\"updated_at\":\"2020-05-26T03:03:46.000000Z\"},{\"id\":41,\"dominion_id\":6,\"guard\":\"admin\",\"name\":\"Edit\",\"route_name\":\"dominion.edit\",\"created_at\":\"2020-05-26T03:03:46.000000Z\",\"updated_at\":\"2020-05-26T03:03:46.000000Z\"},{\"id\":42,\"dominion_id\":6,\"guard\":\"admin\",\"name\":\"Update\",\"route_name\":\"dominion.update\",\"created_at\":\"2020-05-26T03:03:46.000000Z\",\"updated_at\":\"2020-05-26T03:03:46.000000Z\"},{\"id\":43,\"dominion_id\":6,\"guard\":\"admin\",\"name\":\"Destroy\",\"route_name\":\"dominion.destroy\",\"created_at\":\"2020-05-26T03:03:46.000000Z\",\"updated_at\":\"2020-05-26T03:03:46.000000Z\"},{\"id\":30,\"dominion_id\":5,\"guard\":\"admin\",\"name\":\"Index\",\"route_name\":\"permission.index\",\"created_at\":\"2020-05-26T02:50:09.000000Z\",\"updated_at\":\"2020-05-26T02:50:09.000000Z\"},{\"id\":31,\"dominion_id\":5,\"guard\":\"admin\",\"name\":\"Create\",\"route_name\":\"permission.create\",\"created_at\":\"2020-05-26T02:50:09.000000Z\",\"updated_at\":\"2020-05-26T02:50:09.000000Z\"},{\"id\":32,\"dominion_id\":5,\"guard\":\"admin\",\"name\":\"Store\",\"route_name\":\"permission.store\",\"created_at\":\"2020-05-26T02:50:09.000000Z\",\"updated_at\":\"2020-05-26T02:50:09.000000Z\"},{\"id\":33,\"dominion_id\":5,\"guard\":\"admin\",\"name\":\"Show\",\"route_name\":\"permission.show\",\"created_at\":\"2020-05-26T02:50:09.000000Z\",\"updated_at\":\"2020-05-26T02:50:09.000000Z\"},{\"id\":34,\"dominion_id\":5,\"guard\":\"admin\",\"name\":\"Edit\",\"route_name\":\"permission.edit\",\"created_at\":\"2020-05-26T02:50:09.000000Z\",\"updated_at\":\"2020-05-26T02:50:09.000000Z\"},{\"id\":35,\"dominion_id\":5,\"guard\":\"admin\",\"name\":\"Update\",\"route_name\":\"permission.update\",\"created_at\":\"2020-05-26T02:50:09.000000Z\",\"updated_at\":\"2020-05-26T02:50:09.000000Z\"},{\"id\":36,\"dominion_id\":5,\"guard\":\"admin\",\"name\":\"Destroy\",\"route_name\":\"permission.destroy\",\"created_at\":\"2020-05-26T02:50:09.000000Z\",\"updated_at\":\"2020-05-26T02:50:09.000000Z\"},{\"id\":23,\"dominion_id\":4,\"guard\":\"admin\",\"name\":\"Index\",\"route_name\":\"process.index\",\"created_at\":\"2020-05-26T02:49:49.000000Z\",\"updated_at\":\"2020-05-26T02:49:49.000000Z\"},{\"id\":24,\"dominion_id\":4,\"guard\":\"admin\",\"name\":\"Create\",\"route_name\":\"process.create\",\"created_at\":\"2020-05-26T02:49:49.000000Z\",\"updated_at\":\"2020-05-26T02:49:49.000000Z\"},{\"id\":25,\"dominion_id\":4,\"guard\":\"admin\",\"name\":\"Store\",\"route_name\":\"process.store\",\"created_at\":\"2020-05-26T02:49:49.000000Z\",\"updated_at\":\"2020-05-26T02:49:49.000000Z\"},{\"id\":26,\"dominion_id\":4,\"guard\":\"admin\",\"name\":\"Show\",\"route_name\":\"process.show\",\"created_at\":\"2020-05-26T02:49:49.000000Z\",\"updated_at\":\"2020-05-26T02:49:49.000000Z\"},{\"id\":27,\"dominion_id\":4,\"guard\":\"admin\",\"name\":\"Edit\",\"route_name\":\"process.edit\",\"created_at\":\"2020-05-26T02:49:49.000000Z\",\"updated_at\":\"2020-05-26T02:49:49.000000Z\"},{\"id\":28,\"dominion_id\":4,\"guard\":\"admin\",\"name\":\"Update\",\"route_name\":\"process.update\",\"created_at\":\"2020-05-26T02:49:49.000000Z\",\"updated_at\":\"2020-05-26T02:49:49.000000Z\"},{\"id\":29,\"dominion_id\":4,\"guard\":\"admin\",\"name\":\"Destroy\",\"route_name\":\"process.destroy\",\"created_at\":\"2020-05-26T02:49:49.000000Z\",\"updated_at\":\"2020-05-26T02:49:49.000000Z\"},{\"id\":16,\"dominion_id\":3,\"guard\":\"admin\",\"name\":\"Index\",\"route_name\":\"authorizedmenu.index\",\"created_at\":\"2020-05-26T02:49:12.000000Z\",\"updated_at\":\"2020-05-26T02:49:12.000000Z\"},{\"id\":17,\"dominion_id\":3,\"guard\":\"admin\",\"name\":\"Create\",\"route_name\":\"authorizedmenu.create\",\"created_at\":\"2020-05-26T02:49:12.000000Z\",\"updated_at\":\"2020-05-26T02:49:12.000000Z\"},{\"id\":18,\"dominion_id\":3,\"guard\":\"admin\",\"name\":\"Store\",\"route_name\":\"authorizedmenu.store\",\"created_at\":\"2020-05-26T02:49:12.000000Z\",\"updated_at\":\"2020-05-26T02:49:12.000000Z\"},{\"id\":19,\"dominion_id\":3,\"guard\":\"admin\",\"name\":\"Show\",\"route_name\":\"authorizedmenu.show\",\"created_at\":\"2020-05-26T02:49:12.000000Z\",\"updated_at\":\"2020-05-26T02:49:12.000000Z\"},{\"id\":20,\"dominion_id\":3,\"guard\":\"admin\",\"name\":\"Edit\",\"route_name\":\"authorizedmenu.edit\",\"created_at\":\"2020-05-26T02:49:12.000000Z\",\"updated_at\":\"2020-05-26T02:49:12.000000Z\"},{\"id\":21,\"dominion_id\":3,\"guard\":\"admin\",\"name\":\"Update\",\"route_name\":\"authorizedmenu.update\",\"created_at\":\"2020-05-26T02:49:12.000000Z\",\"updated_at\":\"2020-05-26T02:49:12.000000Z\"},{\"id\":22,\"dominion_id\":3,\"guard\":\"admin\",\"name\":\"Destroy\",\"route_name\":\"authorizedmenu.destroy\",\"created_at\":\"2020-05-26T02:49:12.000000Z\",\"updated_at\":\"2020-05-26T02:49:12.000000Z\"},{\"id\":9,\"dominion_id\":2,\"guard\":\"admin\",\"name\":\"Index\",\"route_name\":\"role.index\",\"created_at\":\"2020-05-26T02:48:20.000000Z\",\"updated_at\":\"2020-05-26T02:48:20.000000Z\"},{\"id\":10,\"dominion_id\":2,\"guard\":\"admin\",\"name\":\"Create\",\"route_name\":\"role.create\",\"created_at\":\"2020-05-26T02:48:20.000000Z\",\"updated_at\":\"2020-05-26T02:48:20.000000Z\"},{\"id\":11,\"dominion_id\":2,\"guard\":\"admin\",\"name\":\"Store\",\"route_name\":\"role.store\",\"created_at\":\"2020-05-26T02:48:20.000000Z\",\"updated_at\":\"2020-05-26T02:48:20.000000Z\"},{\"id\":12,\"dominion_id\":2,\"guard\":\"admin\",\"name\":\"Show\",\"route_name\":\"role.show\",\"created_at\":\"2020-05-26T02:48:20.000000Z\",\"updated_at\":\"2020-05-26T02:48:20.000000Z\"},{\"id\":13,\"dominion_id\":2,\"guard\":\"admin\",\"name\":\"Edit\",\"route_name\":\"role.edit\",\"created_at\":\"2020-05-26T02:48:20.000000Z\",\"updated_at\":\"2020-05-26T02:48:20.000000Z\"},{\"id\":14,\"dominion_id\":2,\"guard\":\"admin\",\"name\":\"Update\",\"route_name\":\"role.update\",\"created_at\":\"2020-05-26T02:48:20.000000Z\",\"updated_at\":\"2020-05-26T02:48:20.000000Z\"},{\"id\":15,\"dominion_id\":2,\"guard\":\"admin\",\"name\":\"Destroy\",\"route_name\":\"role.destroy\",\"created_at\":\"2020-05-26T02:48:20.000000Z\",\"updated_at\":\"2020-05-26T02:48:20.000000Z\"},{\"id\":1,\"dominion_id\":1,\"guard\":\"admin\",\"name\":\"Dashboard\",\"route_name\":\"user.dashboard\",\"created_at\":\"2020-05-25T20:36:35.000000Z\",\"updated_at\":\"2020-05-25T20:36:35.000000Z\"},{\"id\":2,\"dominion_id\":1,\"guard\":\"admin\",\"name\":\"Index\",\"route_name\":\"user.index\",\"created_at\":\"2020-05-25T20:47:52.000000Z\",\"updated_at\":\"2020-05-25T20:47:52.000000Z\"},{\"id\":3,\"dominion_id\":1,\"guard\":\"admin\",\"name\":\"Create\",\"route_name\":\"user.create\",\"created_at\":\"2020-05-25T20:47:52.000000Z\",\"updated_at\":\"2020-05-25T20:47:52.000000Z\"},{\"id\":4,\"dominion_id\":1,\"guard\":\"admin\",\"name\":\"Store\",\"route_name\":\"user.store\",\"created_at\":\"2020-05-25T20:47:52.000000Z\",\"updated_at\":\"2020-05-25T20:47:52.000000Z\"},{\"id\":5,\"dominion_id\":1,\"guard\":\"admin\",\"name\":\"Show\",\"route_name\":\"user.show\",\"created_at\":\"2020-05-25T20:47:52.000000Z\",\"updated_at\":\"2020-05-25T20:47:52.000000Z\"},{\"id\":6,\"dominion_id\":1,\"guard\":\"admin\",\"name\":\"Edit\",\"route_name\":\"user.edit\",\"created_at\":\"2020-05-25T20:47:52.000000Z\",\"updated_at\":\"2020-05-25T20:47:52.000000Z\"},{\"id\":7,\"dominion_id\":1,\"guard\":\"admin\",\"name\":\"Update\",\"route_name\":\"user.update\",\"created_at\":\"2020-05-25T20:47:52.000000Z\",\"updated_at\":\"2020-05-25T20:47:52.000000Z\"},{\"id\":8,\"dominion_id\":1,\"guard\":\"admin\",\"name\":\"Destroy\",\"route_name\":\"user.destroy\",\"created_at\":\"2020-05-25T20:47:52.000000Z\",\"updated_at\":\"2020-05-25T20:47:52.000000Z\"}]',1,'2020-05-26 08:36:35','2022-07-30 22:32:53'),(2,'[{\"id\":186,\"dominion_id\":31,\"guard\":\"admin\",\"name\":\"Index\",\"route_name\":\"attendance.index\",\"created_at\":\"2022-07-29T23:10:12.000000Z\",\"updated_at\":\"2022-07-29T23:10:12.000000Z\"},{\"id\":187,\"dominion_id\":31,\"guard\":\"admin\",\"name\":\"Create\",\"route_name\":\"attendance.create\",\"created_at\":\"2022-07-29T23:10:12.000000Z\",\"updated_at\":\"2022-07-29T23:10:12.000000Z\"},{\"id\":188,\"dominion_id\":31,\"guard\":\"admin\",\"name\":\"Store\",\"route_name\":\"attendance.store\",\"created_at\":\"2022-07-29T23:10:12.000000Z\",\"updated_at\":\"2022-07-29T23:10:12.000000Z\"},{\"id\":189,\"dominion_id\":31,\"guard\":\"admin\",\"name\":\"Show\",\"route_name\":\"attendance.show\",\"created_at\":\"2022-07-29T23:10:12.000000Z\",\"updated_at\":\"2022-07-29T23:10:12.000000Z\"},{\"id\":190,\"dominion_id\":31,\"guard\":\"admin\",\"name\":\"Monthlyloginhistories\",\"route_name\":\"attendance.monthlyloginhistories\",\"created_at\":\"2022-07-30T16:20:58.000000Z\",\"updated_at\":\"2022-07-30T16:20:58.000000Z\"},{\"id\":175,\"dominion_id\":30,\"guard\":\"admin\",\"name\":\"Index\",\"route_name\":\"activityLog.index\",\"created_at\":\"2020-06-10T18:35:14.000000Z\",\"updated_at\":\"2020-06-10T18:35:14.000000Z\"},{\"id\":176,\"dominion_id\":30,\"guard\":\"admin\",\"name\":\"Show\",\"route_name\":\"activityLog.show\",\"created_at\":\"2020-06-10T18:35:14.000000Z\",\"updated_at\":\"2020-06-10T18:35:14.000000Z\"},{\"id\":177,\"dominion_id\":30,\"guard\":\"admin\",\"name\":\"Destroy\",\"route_name\":\"activityLog.destroy\",\"created_at\":\"2020-06-10T18:35:14.000000Z\",\"updated_at\":\"2020-06-10T18:35:14.000000Z\"},{\"id\":185,\"dominion_id\":30,\"guard\":\"admin\",\"name\":\"AllRead\",\"route_name\":\"activityLog.allRead\",\"created_at\":\"2020-06-12T16:25:00.000000Z\",\"updated_at\":\"2020-06-12T16:25:00.000000Z\"},{\"id\":37,\"dominion_id\":6,\"guard\":\"admin\",\"name\":\"Index\",\"route_name\":\"dominion.index\",\"created_at\":\"2020-05-26T03:03:46.000000Z\",\"updated_at\":\"2020-05-26T03:03:46.000000Z\"},{\"id\":38,\"dominion_id\":6,\"guard\":\"admin\",\"name\":\"Create\",\"route_name\":\"dominion.create\",\"created_at\":\"2020-05-26T03:03:46.000000Z\",\"updated_at\":\"2020-05-26T03:03:46.000000Z\"},{\"id\":39,\"dominion_id\":6,\"guard\":\"admin\",\"name\":\"Store\",\"route_name\":\"dominion.store\",\"created_at\":\"2020-05-26T03:03:46.000000Z\",\"updated_at\":\"2020-05-26T03:03:46.000000Z\"},{\"id\":40,\"dominion_id\":6,\"guard\":\"admin\",\"name\":\"Show\",\"route_name\":\"dominion.show\",\"created_at\":\"2020-05-26T03:03:46.000000Z\",\"updated_at\":\"2020-05-26T03:03:46.000000Z\"},{\"id\":41,\"dominion_id\":6,\"guard\":\"admin\",\"name\":\"Edit\",\"route_name\":\"dominion.edit\",\"created_at\":\"2020-05-26T03:03:46.000000Z\",\"updated_at\":\"2020-05-26T03:03:46.000000Z\"},{\"id\":42,\"dominion_id\":6,\"guard\":\"admin\",\"name\":\"Update\",\"route_name\":\"dominion.update\",\"created_at\":\"2020-05-26T03:03:46.000000Z\",\"updated_at\":\"2020-05-26T03:03:46.000000Z\"},{\"id\":43,\"dominion_id\":6,\"guard\":\"admin\",\"name\":\"Destroy\",\"route_name\":\"dominion.destroy\",\"created_at\":\"2020-05-26T03:03:46.000000Z\",\"updated_at\":\"2020-05-26T03:03:46.000000Z\"},{\"id\":30,\"dominion_id\":5,\"guard\":\"admin\",\"name\":\"Index\",\"route_name\":\"permission.index\",\"created_at\":\"2020-05-26T02:50:09.000000Z\",\"updated_at\":\"2020-05-26T02:50:09.000000Z\"},{\"id\":31,\"dominion_id\":5,\"guard\":\"admin\",\"name\":\"Create\",\"route_name\":\"permission.create\",\"created_at\":\"2020-05-26T02:50:09.000000Z\",\"updated_at\":\"2020-05-26T02:50:09.000000Z\"},{\"id\":32,\"dominion_id\":5,\"guard\":\"admin\",\"name\":\"Store\",\"route_name\":\"permission.store\",\"created_at\":\"2020-05-26T02:50:09.000000Z\",\"updated_at\":\"2020-05-26T02:50:09.000000Z\"},{\"id\":33,\"dominion_id\":5,\"guard\":\"admin\",\"name\":\"Show\",\"route_name\":\"permission.show\",\"created_at\":\"2020-05-26T02:50:09.000000Z\",\"updated_at\":\"2020-05-26T02:50:09.000000Z\"},{\"id\":34,\"dominion_id\":5,\"guard\":\"admin\",\"name\":\"Edit\",\"route_name\":\"permission.edit\",\"created_at\":\"2020-05-26T02:50:09.000000Z\",\"updated_at\":\"2020-05-26T02:50:09.000000Z\"},{\"id\":35,\"dominion_id\":5,\"guard\":\"admin\",\"name\":\"Update\",\"route_name\":\"permission.update\",\"created_at\":\"2020-05-26T02:50:09.000000Z\",\"updated_at\":\"2020-05-26T02:50:09.000000Z\"},{\"id\":36,\"dominion_id\":5,\"guard\":\"admin\",\"name\":\"Destroy\",\"route_name\":\"permission.destroy\",\"created_at\":\"2020-05-26T02:50:09.000000Z\",\"updated_at\":\"2020-05-26T02:50:09.000000Z\"},{\"id\":23,\"dominion_id\":4,\"guard\":\"admin\",\"name\":\"Index\",\"route_name\":\"process.index\",\"created_at\":\"2020-05-26T02:49:49.000000Z\",\"updated_at\":\"2020-05-26T02:49:49.000000Z\"},{\"id\":24,\"dominion_id\":4,\"guard\":\"admin\",\"name\":\"Create\",\"route_name\":\"process.create\",\"created_at\":\"2020-05-26T02:49:49.000000Z\",\"updated_at\":\"2020-05-26T02:49:49.000000Z\"},{\"id\":25,\"dominion_id\":4,\"guard\":\"admin\",\"name\":\"Store\",\"route_name\":\"process.store\",\"created_at\":\"2020-05-26T02:49:49.000000Z\",\"updated_at\":\"2020-05-26T02:49:49.000000Z\"},{\"id\":26,\"dominion_id\":4,\"guard\":\"admin\",\"name\":\"Show\",\"route_name\":\"process.show\",\"created_at\":\"2020-05-26T02:49:49.000000Z\",\"updated_at\":\"2020-05-26T02:49:49.000000Z\"},{\"id\":27,\"dominion_id\":4,\"guard\":\"admin\",\"name\":\"Edit\",\"route_name\":\"process.edit\",\"created_at\":\"2020-05-26T02:49:49.000000Z\",\"updated_at\":\"2020-05-26T02:49:49.000000Z\"},{\"id\":28,\"dominion_id\":4,\"guard\":\"admin\",\"name\":\"Update\",\"route_name\":\"process.update\",\"created_at\":\"2020-05-26T02:49:49.000000Z\",\"updated_at\":\"2020-05-26T02:49:49.000000Z\"},{\"id\":29,\"dominion_id\":4,\"guard\":\"admin\",\"name\":\"Destroy\",\"route_name\":\"process.destroy\",\"created_at\":\"2020-05-26T02:49:49.000000Z\",\"updated_at\":\"2020-05-26T02:49:49.000000Z\"},{\"id\":16,\"dominion_id\":3,\"guard\":\"admin\",\"name\":\"Index\",\"route_name\":\"authorizedmenu.index\",\"created_at\":\"2020-05-26T02:49:12.000000Z\",\"updated_at\":\"2020-05-26T02:49:12.000000Z\"},{\"id\":17,\"dominion_id\":3,\"guard\":\"admin\",\"name\":\"Create\",\"route_name\":\"authorizedmenu.create\",\"created_at\":\"2020-05-26T02:49:12.000000Z\",\"updated_at\":\"2020-05-26T02:49:12.000000Z\"},{\"id\":18,\"dominion_id\":3,\"guard\":\"admin\",\"name\":\"Store\",\"route_name\":\"authorizedmenu.store\",\"created_at\":\"2020-05-26T02:49:12.000000Z\",\"updated_at\":\"2020-05-26T02:49:12.000000Z\"},{\"id\":19,\"dominion_id\":3,\"guard\":\"admin\",\"name\":\"Show\",\"route_name\":\"authorizedmenu.show\",\"created_at\":\"2020-05-26T02:49:12.000000Z\",\"updated_at\":\"2020-05-26T02:49:12.000000Z\"},{\"id\":20,\"dominion_id\":3,\"guard\":\"admin\",\"name\":\"Edit\",\"route_name\":\"authorizedmenu.edit\",\"created_at\":\"2020-05-26T02:49:12.000000Z\",\"updated_at\":\"2020-05-26T02:49:12.000000Z\"},{\"id\":21,\"dominion_id\":3,\"guard\":\"admin\",\"name\":\"Update\",\"route_name\":\"authorizedmenu.update\",\"created_at\":\"2020-05-26T02:49:12.000000Z\",\"updated_at\":\"2020-05-26T02:49:12.000000Z\"},{\"id\":22,\"dominion_id\":3,\"guard\":\"admin\",\"name\":\"Destroy\",\"route_name\":\"authorizedmenu.destroy\",\"created_at\":\"2020-05-26T02:49:12.000000Z\",\"updated_at\":\"2020-05-26T02:49:12.000000Z\"},{\"id\":9,\"dominion_id\":2,\"guard\":\"admin\",\"name\":\"Index\",\"route_name\":\"role.index\",\"created_at\":\"2020-05-26T02:48:20.000000Z\",\"updated_at\":\"2020-05-26T02:48:20.000000Z\"},{\"id\":10,\"dominion_id\":2,\"guard\":\"admin\",\"name\":\"Create\",\"route_name\":\"role.create\",\"created_at\":\"2020-05-26T02:48:20.000000Z\",\"updated_at\":\"2020-05-26T02:48:20.000000Z\"},{\"id\":11,\"dominion_id\":2,\"guard\":\"admin\",\"name\":\"Store\",\"route_name\":\"role.store\",\"created_at\":\"2020-05-26T02:48:20.000000Z\",\"updated_at\":\"2020-05-26T02:48:20.000000Z\"},{\"id\":12,\"dominion_id\":2,\"guard\":\"admin\",\"name\":\"Show\",\"route_name\":\"role.show\",\"created_at\":\"2020-05-26T02:48:20.000000Z\",\"updated_at\":\"2020-05-26T02:48:20.000000Z\"},{\"id\":13,\"dominion_id\":2,\"guard\":\"admin\",\"name\":\"Edit\",\"route_name\":\"role.edit\",\"created_at\":\"2020-05-26T02:48:20.000000Z\",\"updated_at\":\"2020-05-26T02:48:20.000000Z\"},{\"id\":14,\"dominion_id\":2,\"guard\":\"admin\",\"name\":\"Update\",\"route_name\":\"role.update\",\"created_at\":\"2020-05-26T02:48:20.000000Z\",\"updated_at\":\"2020-05-26T02:48:20.000000Z\"},{\"id\":15,\"dominion_id\":2,\"guard\":\"admin\",\"name\":\"Destroy\",\"route_name\":\"role.destroy\",\"created_at\":\"2020-05-26T02:48:20.000000Z\",\"updated_at\":\"2020-05-26T02:48:20.000000Z\"},{\"id\":1,\"dominion_id\":1,\"guard\":\"admin\",\"name\":\"Dashboard\",\"route_name\":\"user.dashboard\",\"created_at\":\"2020-05-25T20:36:35.000000Z\",\"updated_at\":\"2020-05-25T20:36:35.000000Z\"},{\"id\":2,\"dominion_id\":1,\"guard\":\"admin\",\"name\":\"Index\",\"route_name\":\"user.index\",\"created_at\":\"2020-05-25T20:47:52.000000Z\",\"updated_at\":\"2020-05-25T20:47:52.000000Z\"},{\"id\":3,\"dominion_id\":1,\"guard\":\"admin\",\"name\":\"Create\",\"route_name\":\"user.create\",\"created_at\":\"2020-05-25T20:47:52.000000Z\",\"updated_at\":\"2020-05-25T20:47:52.000000Z\"},{\"id\":4,\"dominion_id\":1,\"guard\":\"admin\",\"name\":\"Store\",\"route_name\":\"user.store\",\"created_at\":\"2020-05-25T20:47:52.000000Z\",\"updated_at\":\"2020-05-25T20:47:52.000000Z\"},{\"id\":5,\"dominion_id\":1,\"guard\":\"admin\",\"name\":\"Show\",\"route_name\":\"user.show\",\"created_at\":\"2020-05-25T20:47:52.000000Z\",\"updated_at\":\"2020-05-25T20:47:52.000000Z\"},{\"id\":6,\"dominion_id\":1,\"guard\":\"admin\",\"name\":\"Edit\",\"route_name\":\"user.edit\",\"created_at\":\"2020-05-25T20:47:52.000000Z\",\"updated_at\":\"2020-05-25T20:47:52.000000Z\"},{\"id\":7,\"dominion_id\":1,\"guard\":\"admin\",\"name\":\"Update\",\"route_name\":\"user.update\",\"created_at\":\"2020-05-25T20:47:52.000000Z\",\"updated_at\":\"2020-05-25T20:47:52.000000Z\"},{\"id\":8,\"dominion_id\":1,\"guard\":\"admin\",\"name\":\"Destroy\",\"route_name\":\"user.destroy\",\"created_at\":\"2020-05-25T20:47:52.000000Z\",\"updated_at\":\"2020-05-25T20:47:52.000000Z\"}]',2,'2020-05-27 06:25:33','2022-07-30 22:32:44'),(3,'[{\"id\":5,\"dominion_id\":1,\"guard\":\"admin\",\"name\":\"Show\",\"route_name\":\"admin.show\",\"created_at\":\"2020-05-26T02:47:52.000000Z\",\"updated_at\":\"2020-05-26T02:47:52.000000Z\"},{\"id\":7,\"dominion_id\":1,\"guard\":\"admin\",\"name\":\"Update\",\"route_name\":\"admin.update\",\"created_at\":\"2020-05-26T02:47:52.000000Z\",\"updated_at\":\"2020-05-26T02:47:52.000000Z\"},{\"id\":6,\"dominion_id\":1,\"guard\":\"admin\",\"name\":\"Edit\",\"route_name\":\"admin.edit\",\"created_at\":\"2020-05-26T02:47:52.000000Z\",\"updated_at\":\"2020-05-26T02:47:52.000000Z\"},{\"id\":186,\"dominion_id\":31,\"guard\":\"admin\",\"name\":\"Index\",\"route_name\":\"attendance.index\",\"created_at\":\"2022-07-29T23:10:12.000000Z\",\"updated_at\":\"2022-07-29T23:10:12.000000Z\"},{\"id\":187,\"dominion_id\":31,\"guard\":\"admin\",\"name\":\"Create\",\"route_name\":\"attendance.create\",\"created_at\":\"2022-07-29T23:10:12.000000Z\",\"updated_at\":\"2022-07-29T23:10:12.000000Z\"},{\"id\":188,\"dominion_id\":31,\"guard\":\"admin\",\"name\":\"Store\",\"route_name\":\"attendance.store\",\"created_at\":\"2022-07-29T23:10:12.000000Z\",\"updated_at\":\"2022-07-29T23:10:12.000000Z\"},{\"id\":189,\"dominion_id\":31,\"guard\":\"admin\",\"name\":\"Show\",\"route_name\":\"attendance.show\",\"created_at\":\"2022-07-29T23:10:12.000000Z\",\"updated_at\":\"2022-07-29T23:10:12.000000Z\"},{\"id\":1,\"dominion_id\":1,\"guard\":\"admin\",\"name\":\"Dashboard\",\"route_name\":\"user.dashboard\",\"created_at\":\"2020-05-25T20:36:35.000000Z\",\"updated_at\":\"2020-05-25T20:36:35.000000Z\"},{\"id\":190,\"dominion_id\":31,\"guard\":\"admin\",\"name\":\"Monthlyloginhistories\",\"route_name\":\"attendance.monthlyloginhistories\",\"created_at\":\"2022-07-30T16:20:58.000000Z\",\"updated_at\":\"2022-07-30T16:20:58.000000Z\"},{\"id\":5,\"dominion_id\":1,\"guard\":\"admin\",\"name\":\"Show\",\"route_name\":\"user.show\",\"created_at\":\"2020-05-25T20:47:52.000000Z\",\"updated_at\":\"2020-05-25T20:47:52.000000Z\"},{\"id\":2,\"dominion_id\":1,\"guard\":\"admin\",\"name\":\"Index\",\"route_name\":\"user.index\",\"created_at\":\"2020-05-25T20:47:52.000000Z\",\"updated_at\":\"2020-05-25T20:47:52.000000Z\"},{\"id\":7,\"dominion_id\":1,\"guard\":\"admin\",\"name\":\"Update\",\"route_name\":\"user.update\",\"created_at\":\"2020-05-25T20:47:52.000000Z\",\"updated_at\":\"2020-05-25T20:47:52.000000Z\"},{\"id\":4,\"dominion_id\":1,\"guard\":\"admin\",\"name\":\"Store\",\"route_name\":\"user.store\",\"created_at\":\"2020-05-25T20:47:52.000000Z\",\"updated_at\":\"2020-05-25T20:47:52.000000Z\"},{\"id\":6,\"dominion_id\":1,\"guard\":\"admin\",\"name\":\"Edit\",\"route_name\":\"user.edit\",\"created_at\":\"2020-05-25T20:47:52.000000Z\",\"updated_at\":\"2020-05-25T20:47:52.000000Z\"}]',5,'2022-07-30 04:47:14','2022-07-30 22:42:09');
/*!40000 ALTER TABLE `permissions` ENABLE KEYS */;
UNLOCK TABLES;

--
-- Table structure for table `personal_access_tokens`
--

DROP TABLE IF EXISTS `personal_access_tokens`;
/*!40101 SET @saved_cs_client     = @@character_set_client */;
/*!40101 SET character_set_client = utf8 */;
CREATE TABLE `personal_access_tokens` (
  `id` bigint(20) unsigned NOT NULL AUTO_INCREMENT,
  `tokenable_type` varchar(255) COLLATE utf8mb4_unicode_ci NOT NULL,
  `tokenable_id` bigint(20) unsigned NOT NULL,
  `name` varchar(255) COLLATE utf8mb4_unicode_ci NOT NULL,
  `token` varchar(64) COLLATE utf8mb4_unicode_ci NOT NULL,
  `abilities` text COLLATE utf8mb4_unicode_ci,
  `last_used_at` timestamp NULL DEFAULT NULL,
  `created_at` timestamp NULL DEFAULT NULL,
  `updated_at` timestamp NULL DEFAULT NULL,
  PRIMARY KEY (`id`),
  UNIQUE KEY `personal_access_tokens_token_unique` (`token`),
  KEY `personal_access_tokens_tokenable_type_tokenable_id_index` (`tokenable_type`,`tokenable_id`)
) ENGINE=InnoDB AUTO_INCREMENT=11 DEFAULT CHARSET=utf8mb4 COLLATE=utf8mb4_unicode_ci;
/*!40101 SET character_set_client = @saved_cs_client */;

--
-- Dumping data for table `personal_access_tokens`
--

LOCK TABLES `personal_access_tokens` WRITE;
/*!40000 ALTER TABLE `personal_access_tokens` DISABLE KEYS */;
INSERT INTO `personal_access_tokens` VALUES (1,'App\\Model\\Admin',2,'my-token','5587b4eeda4e290bd47855d08384d3f7d6c60a146091f47403be80590049f275','[\"*\"]','2020-05-20 07:45:55','2020-05-20 06:07:09','2020-05-20 07:45:55'),(2,'App\\Model\\Admin',2,'my-token','b7db727c9e92f5a8d55a4cb04b423fe7075902311d93ce2e77c61b165064a56f','[\"*\"]',NULL,'2020-05-20 06:25:06','2020-05-20 06:25:06'),(3,'App\\Model\\Admin',2,'my-token','c5eb047ec2f1547d49d9d0fb543276604927a27d2572a15d5148c064860be03d','[\"*\"]',NULL,'2020-05-20 08:02:02','2020-05-20 08:02:02'),(4,'App\\Model\\Admin',2,'my-token','4b2f5957d7726c36ae4bc6e80d8e6bbf98b58f0e704a1c5535dcfcedcfcee300','[\"*\"]',NULL,'2020-05-20 08:02:38','2020-05-20 08:02:38'),(5,'App\\Model\\Admin',2,'my-token','3f238f7245649ff221ee7cb83a7d871c0041525af1ee95fa5a28e4057132760f','[\"*\"]',NULL,'2020-05-20 08:03:18','2020-05-20 08:03:18'),(6,'App\\Model\\Admin',2,'my-token','efa7bbfa6fbdfef5ebce25dd2b538b87ae3ceb1471615fc8fe33c9b33a4ce6bd','[\"*\"]',NULL,'2020-05-20 08:03:55','2020-05-20 08:03:55'),(7,'App\\Model\\Admin',2,'my-token','7a7b0ae7a8e5a6e8d67a74dd34c4b9f67d8b994c1809d78d9c084af8c8412ff0','[\"*\"]',NULL,'2020-05-20 08:04:20','2020-05-20 08:04:20'),(8,'App\\Model\\Admin',2,'my-token','3f42c351c1101d4d3d4b32b7a7d24bd927e7ce6b657b670ee1f0bc17b84a08e6','[\"*\"]',NULL,'2020-05-20 08:05:57','2020-05-20 08:05:57'),(9,'App\\Model\\Admin',2,'my-token','158765434031a2d4e2bd348ae543e8c0337f2d693252618a881c03a818b20dc5','[\"*\"]',NULL,'2020-05-20 08:06:14','2020-05-20 08:06:14'),(10,'App\\Model\\Admin',2,'my-token','6ed900fa35837951e5e87bc0230a4a618c69ddfdb397990079f4ec74718c1519','[\"*\"]',NULL,'2020-05-20 08:13:14','2020-05-20 08:13:14');
/*!40000 ALTER TABLE `personal_access_tokens` ENABLE KEYS */;
UNLOCK TABLES;

--
-- Table structure for table `processes`
--

DROP TABLE IF EXISTS `processes`;
/*!40101 SET @saved_cs_client     = @@character_set_client */;
/*!40101 SET character_set_client = utf8 */;
CREATE TABLE `processes` (
  `id` bigint(20) unsigned NOT NULL AUTO_INCREMENT,
  `dominion_id` int(11) NOT NULL,
  `guard` varchar(20) COLLATE utf8mb4_unicode_ci NOT NULL DEFAULT 'admin',
  `name` varchar(100) COLLATE utf8mb4_unicode_ci NOT NULL,
  `route_name` varchar(100) COLLATE utf8mb4_unicode_ci NOT NULL,
  `created_at` timestamp NULL DEFAULT NULL,
  `updated_at` timestamp NULL DEFAULT NULL,
  PRIMARY KEY (`id`)
) ENGINE=InnoDB AUTO_INCREMENT=191 DEFAULT CHARSET=utf8mb4 COLLATE=utf8mb4_unicode_ci;
/*!40101 SET character_set_client = @saved_cs_client */;

--
-- Dumping data for table `processes`
--

LOCK TABLES `processes` WRITE;
/*!40000 ALTER TABLE `processes` DISABLE KEYS */;
INSERT INTO `processes` VALUES (1,1,'admin','Dashboard','user.dashboard','2020-05-26 02:36:35','2020-05-26 02:36:35'),(2,1,'admin','Index','user.index','2020-05-26 02:47:52','2020-05-26 02:47:52'),(3,1,'admin','Create','user.create','2020-05-26 02:47:52','2020-05-26 02:47:52'),(4,1,'admin','Store','user.store','2020-05-26 02:47:52','2020-05-26 02:47:52'),(5,1,'admin','Show','user.show','2020-05-26 02:47:52','2020-05-26 02:47:52'),(6,1,'admin','Edit','user.edit','2020-05-26 02:47:52','2020-05-26 02:47:52'),(7,1,'admin','Update','user.update','2020-05-26 02:47:52','2020-05-26 02:47:52'),(8,1,'admin','Destroy','user.destroy','2020-05-26 02:47:52','2020-05-26 02:47:52'),(9,2,'admin','Index','role.index','2020-05-26 08:48:20','2020-05-26 08:48:20'),(10,2,'admin','Create','role.create','2020-05-26 08:48:20','2020-05-26 08:48:20'),(11,2,'admin','Store','role.store','2020-05-26 08:48:20','2020-05-26 08:48:20'),(12,2,'admin','Show','role.show','2020-05-26 08:48:20','2020-05-26 08:48:20'),(13,2,'admin','Edit','role.edit','2020-05-26 08:48:20','2020-05-26 08:48:20'),(14,2,'admin','Update','role.update','2020-05-26 08:48:20','2020-05-26 08:48:20'),(15,2,'admin','Destroy','role.destroy','2020-05-26 08:48:20','2020-05-26 08:48:20'),(16,3,'admin','Index','authorizedmenu.index','2020-05-26 08:49:12','2020-05-26 08:49:12'),(17,3,'admin','Create','authorizedmenu.create','2020-05-26 08:49:12','2020-05-26 08:49:12'),(18,3,'admin','Store','authorizedmenu.store','2020-05-26 08:49:12','2020-05-26 08:49:12'),(19,3,'admin','Show','authorizedmenu.show','2020-05-26 08:49:12','2020-05-26 08:49:12'),(20,3,'admin','Edit','authorizedmenu.edit','2020-05-26 08:49:12','2020-05-26 08:49:12'),(21,3,'admin','Update','authorizedmenu.update','2020-05-26 08:49:12','2020-05-26 08:49:12'),(22,3,'admin','Destroy','authorizedmenu.destroy','2020-05-26 08:49:12','2020-05-26 08:49:12'),(23,4,'admin','Index','process.index','2020-05-26 08:49:49','2020-05-26 08:49:49'),(24,4,'admin','Create','process.create','2020-05-26 08:49:49','2020-05-26 08:49:49'),(25,4,'admin','Store','process.store','2020-05-26 08:49:49','2020-05-26 08:49:49'),(26,4,'admin','Show','process.show','2020-05-26 08:49:49','2020-05-26 08:49:49'),(27,4,'admin','Edit','process.edit','2020-05-26 08:49:49','2020-05-26 08:49:49'),(28,4,'admin','Update','process.update','2020-05-26 08:49:49','2020-05-26 08:49:49'),(29,4,'admin','Destroy','process.destroy','2020-05-26 08:49:49','2020-05-26 08:49:49'),(30,5,'admin','Index','permission.index','2020-05-26 08:50:09','2020-05-26 08:50:09'),(31,5,'admin','Create','permission.create','2020-05-26 08:50:09','2020-05-26 08:50:09'),(32,5,'admin','Store','permission.store','2020-05-26 08:50:09','2020-05-26 08:50:09'),(33,5,'admin','Show','permission.show','2020-05-26 08:50:09','2020-05-26 08:50:09'),(34,5,'admin','Edit','permission.edit','2020-05-26 08:50:09','2020-05-26 08:50:09'),(35,5,'admin','Update','permission.update','2020-05-26 08:50:09','2020-05-26 08:50:09'),(36,5,'admin','Destroy','permission.destroy','2020-05-26 08:50:09','2020-05-26 08:50:09'),(37,6,'admin','Index','dominion.index','2020-05-26 09:03:46','2020-05-26 09:03:46'),(38,6,'admin','Create','dominion.create','2020-05-26 09:03:46','2020-05-26 09:03:46'),(39,6,'admin','Store','dominion.store','2020-05-26 09:03:46','2020-05-26 09:03:46'),(40,6,'admin','Show','dominion.show','2020-05-26 09:03:46','2020-05-26 09:03:46'),(41,6,'admin','Edit','dominion.edit','2020-05-26 09:03:46','2020-05-26 09:03:46'),(42,6,'admin','Update','dominion.update','2020-05-26 09:03:46','2020-05-26 09:03:46'),(43,6,'admin','Destroy','dominion.destroy','2020-05-26 09:03:46','2020-05-26 09:03:46'),(75,13,'admin','Index','configuration.index','2020-06-01 03:35:08','2020-06-01 03:35:08'),(76,13,'admin','Create','configuration.create','2020-06-01 03:35:08','2020-06-01 03:35:08'),(77,13,'admin','Store','configuration.store','2020-06-01 03:35:08','2020-06-01 03:35:08'),(78,13,'admin','Show','configuration.show','2020-06-01 03:35:08','2020-06-01 03:35:08'),(79,13,'admin','Edit','configuration.edit','2020-06-01 03:35:08','2020-06-01 03:35:08'),(80,13,'admin','Update','configuration.update','2020-06-01 03:35:08','2020-06-01 03:35:08'),(81,13,'admin','Destroy','configuration.destroy','2020-06-01 03:35:08','2020-06-01 03:35:08'),(175,30,'admin','Index','activityLog.index','2020-06-11 00:35:14','2020-06-11 00:35:14'),(176,30,'admin','Show','activityLog.show','2020-06-11 00:35:14','2020-06-11 00:35:14'),(177,30,'admin','Destroy','activityLog.destroy','2020-06-11 00:35:14','2020-06-11 00:35:14'),(185,30,'admin','AllRead','activityLog.allRead','2020-06-12 22:25:00','2020-06-12 22:25:00'),(186,31,'admin','Index','attendance.index','2022-07-30 05:10:12','2022-07-30 05:10:12'),(187,31,'admin','Create','attendance.create','2022-07-30 05:10:12','2022-07-30 05:10:12'),(188,31,'admin','Store','attendance.store','2022-07-30 05:10:12','2022-07-30 05:10:12'),(189,31,'admin','Show','attendance.show','2022-07-30 05:10:12','2022-07-30 05:10:12'),(190,31,'admin','Monthlyloginhistories','attendance.monthlyloginhistories','2022-07-30 22:20:58','2022-07-30 22:20:58');
/*!40000 ALTER TABLE `processes` ENABLE KEYS */;
UNLOCK TABLES;

--
-- Table structure for table `roles`
--

DROP TABLE IF EXISTS `roles`;
/*!40101 SET @saved_cs_client     = @@character_set_client */;
/*!40101 SET character_set_client = utf8 */;
CREATE TABLE `roles` (
  `id` bigint(20) unsigned NOT NULL AUTO_INCREMENT,
  `name` varchar(50) COLLATE utf8mb4_unicode_ci NOT NULL,
  `guard` varchar(50) COLLATE utf8mb4_unicode_ci NOT NULL DEFAULT 'admin',
  `created_at` timestamp NULL DEFAULT NULL,
  `updated_at` timestamp NULL DEFAULT NULL,
  PRIMARY KEY (`id`)
) ENGINE=InnoDB AUTO_INCREMENT=6 DEFAULT CHARSET=utf8mb4 COLLATE=utf8mb4_unicode_ci;
/*!40101 SET character_set_client = @saved_cs_client */;

--
-- Dumping data for table `roles`
--

LOCK TABLES `roles` WRITE;
/*!40000 ALTER TABLE `roles` DISABLE KEYS */;
INSERT INTO `roles` VALUES (1,'Super Admin','admin','2020-05-26 08:21:18','2020-05-26 08:21:18'),(2,'Admin','admin','2020-05-27 00:04:51','2020-06-11 02:25:08'),(4,'Modarator','admin','2020-06-11 03:13:11','2020-06-14 06:25:09'),(5,'Member','admin','2022-07-30 04:27:55','2022-07-30 04:27:55');
/*!40000 ALTER TABLE `roles` ENABLE KEYS */;
UNLOCK TABLES;
/*!40103 SET TIME_ZONE=@OLD_TIME_ZONE */;

/*!40101 SET SQL_MODE=@OLD_SQL_MODE */;
/*!40014 SET FOREIGN_KEY_CHECKS=@OLD_FOREIGN_KEY_CHECKS */;
/*!40014 SET UNIQUE_CHECKS=@OLD_UNIQUE_CHECKS */;
/*!40101 SET CHARACTER_SET_CLIENT=@OLD_CHARACTER_SET_CLIENT */;
/*!40101 SET CHARACTER_SET_RESULTS=@OLD_CHARACTER_SET_RESULTS */;
/*!40101 SET COLLATION_CONNECTION=@OLD_COLLATION_CONNECTION */;
/*!40111 SET SQL_NOTES=@OLD_SQL_NOTES */;

-- Dump completed on 2022-07-30 17:34:52
